Workbook
Name _Toc94971774: '1.前提条件'!#REF!
Name _Toc94971774: '2.ガイドライン'!#REF!
Name _Toc94971774: '2.画面レイアウト基準'!$D$44
Name _Toc94971775: '1.前提条件'!#REF!
Name _Toc94971775: '2.ガイドライン'!#REF!
Name _Toc94971775: '2.画面レイアウト基準'!#REF!
Name シート数: #REF!
Name シート数: #REF!

Sheet タイトル
G11: =I40 -> 学生勤務管理システム
G14: =I44 -> 要件定義書
G17: =I42 -> 画面基準
G20: =I51 -> 【 Ver 1.20 】
J27: =TEXT(I47,"yyyy年")&IF(LEFT(TEXT(I47,"mm"),1)="0"," ","")&TEXT(I47,"m月")&IF(LEFT(TEXT(I47,"dd"),1)="0"," ","")&TEXT(I47,"d日")&"作成" -> 2023年 9月 6日作成
J29: =IF(I49=" ※ページ毎に個別入力"," 年 月 日改訂",TEXT(I49,"yyyy年")&IF(LEFT(TEXT(I49,"mm"),1)="0"," ","")&TEXT(I49,"m月")&IF(LEFT(TEXT(I49,"dd"),1)="0"," ","")&TEXT(I49,"d日")&"改訂") -> 2024年 3月13日改訂
B38: 見出し部タイトル制御テーブル
B39: タイトル項目 | I39: タイトル項目埋め込み内容
B40: ①システム名 | I40: 学生勤務管理システム
B41: ②サブシステム名
B42: ③分類名 | I42: 画面基準
B43: ④作業工程名 | I43: 要件定義
B44: ⑤ドキュメント代表名 | I44: 要件定義書
B45: ⑥ドキュメント詳細名 | I45: ※ページ毎に個別入力
B46: ⑦作成者 | I46: 木田 優
B47: ⑧作成日 | I47: 45175
B48: ⑦改定者 | I48: ※ページ毎に個別入力
B49: ⑧改定日 | I49: =TEXT(MAX(改訂履歴!J5:J992),"yyyy/mm/dd") -> 2024/03/13
B50: ⑨管理記号 | I50: DUB013
B51: ⑩Ｖｅｒ | I51: ="【 Ver " & TEXT(MAX(改訂履歴!E5:E1000),"0.00") & " 】" -> 【 Ver 1.20 】
B53: （注1） ①～⑤は、埋め込み内容の先頭１文字は空白にする。
B55: （注2） ⑦と⑧でシート毎に異なる場合は、各シートの該当項目に直接、作成者、作成日を入力する。
B57: (注3） 文字はタイトル部：ＭＳゴシック、本文部：ＭＳ明朝で統一
B59: （注4） 管理番号は、ドキュメント体系の管理番号を使用する。
B61: （注5） ドキュメントＩＤの付け方
C63: 管理記号-分類区分（任意に設定）
C65: ※管理記号は、別紙 プロジェクト計画書のドキュメント体系を参照
B67: (注6） システム階層の概要
C69: システム名 | J69: ⇒ | L69: 人事給与システム
D71: サブシステム名 | J71: ⇒ | L71: 人事システム
L72: 給与システム
L73: 移行システム
E75: 機能名
F78: 処理名

Sheet 改訂履歴
A1: 改訂履歴 | G1: =タイトル!I42 -> 画面基準
A3: No | E3: Ver | J3: 新規／改訂日 | R3: 区分 | W3: 改訂箇所 | AH3: 改訂理由 | BR3: 新規／改訂者
W4: 頁 | AA4: 項番
A5: 1 | E5: 1 | J5: =タイトル!I47 -> 45175 | R5: 新規 | AH5: 新規作成 | BR5: =タイトル!I46 -> 木田 優
A6: 2 | E6: 1.1 | J6: 45195 | R6: 変更 | W6: 2 | AA6: 2.1 | AH6: 画面レイアウトのそれぞれの役割を変更 | BR6: 木田 優
A7: 3 | J7: 45195 | R7: 変更 | W7: 3 | AA7: 2.2 | AH7: ヘッダ部とフッタ部の要件を変更 | BR7: 木田 優
A8: 4 | J8: 45195 | R8: 変更 | W8: 4 | AA8: 2.3 | AH8: メニューの要件を変更 | BR8: 木田 優
A9: 5 | J9: 45195 | R9: 変更 | W9: 5 | AA9: 2.4 | AH9: Copyrightの表記をホーム画面のみに限定した。 （ボタンへの圧迫感を感じるため） | BR9: 木田 優
A10: 6 | E10: 1.2 | J10: 45201 | R10: 変更 | W10: 2 | AA10: 2.1 | AH10: 通常画面とメニュー表示時画面のイメージを追加 | BR10: 木田 優
A11: 7 | J11: 45201 | R11: 変更 | W11: 3 | AA11: 2.2 | AH11: ヘッダ部のツールチップの表示内容を変更 | BR11: 木田 優
A12: 8 | J12: 45201 | R12: 変更 | W12: 3 | AA12: 2.2 | AH12: ヘッダ部の「学生勤務管理システム」画像押下でホーム画面に遷移するように機能追加 | BR12: 木田 優
A13: 9 | J13: 45201 | R13: 変更 | W13: 3 | AA13: 2.2 | AH13: フッタ部に戻るボタンを配置するように変更 | BR13: 木田 優
A14: 10 | J14: 45201 | R14: 変更 | W14: 4 | AA14: 2.3 | AH14: メニュー部レイアウトのユーザIDを社員IDに文言修正 | BR14: 木田 優
A15: 11 | J15: 45201 | R15: 変更 | W15: 6 | AA15: 2.4.1 | AH15: 「編集」を押された場合という誤表記を削除 | BR15: 木田 優
A16: 12 | J16: 45364 | R16: 変更 | AH16: 画面イメージを実画面に差し替え | BR16: 木田 優

Sheet 目次
C1: 目次
C5: １． 前提条件
D6: １．１ 概要/目的
D7: １．２ 対応OS/ブラウザ
D8: １．３ 文字コード
D9: １．４ ディスプレイ設定
D10: １．５ 使用するWeb技術
C12: ２． 画面レイアウト基準
D13: ２．１ 画面レイアウト
D14: ２．２ ヘッダ部、フッタ部レイアウト
D15: ２．３ メニュー部レイアウト
D16: ２．４ ボディ部レイアウト
D17: ２．４．１ 一覧画面と単票画面の関係
D18: ２．４．２ 内容部レイアウト(一覧画面)
D19: ２．４．３ 内容部レイアウト(単票画面)
D20: ２．４．４ 内容部レイアウト(表示の切替)
D21: ２．５ 画面サンプル
D22: ２．６ 画面作成上のガイドライン

Sheet 1.前提条件
A1: システム名 | I1: =タイトル!I40 -> 学生勤務管理システム | AE1: 工 程 | AL1: =タイトル!I43 -> 要件定義 | BI1: 作 成 | BM1: =タイトル!I46 -> 木田 優 | BW1: =タイトル!I47 -> 45175 | CF1: 管理記号 | CK1: =タイトル!I50 -> DUB013
A2: サブシステム名 | I2: =タイトル!I41 | AE2: ドキュメント | AL2: =タイトル!I44 -> 要件定義書 | BI2: 改 訂
AL3: =タイトル!I42 -> 画面基準
B5: １． 前提条件
C7: １．１ 概要/目的
D9: ・学生や教職員の方にとって使いやすく見やすい画面とするため、統一された画面デザイン、操作性となるように基準を定める。
C11: １．２ 対応OS/ブラウザ
D13: ・管理者及び担当者が利用する機能については、OSはWindows10以上（大学内事務ユーザ（管理者・担当者を含む）はWindows10LTSCを利用）、
D14: WebブラウザはMicrosoft Edge/Google Chrome/Mozilla Firefoxに対応すること。
D15: ・承認者・利用者が利用する機能については、デスクトップOSは、Windows10、MacOS、
D16: WebブラウザはMicrosoft Edge/Google Chrome/Mozilla Firefox/Safariに対応すること。
D17: ・承認者・利用者が利用する機能については、モバイルOSは、iOS、Android、WebブラウザはGoogle Chrome/Mozilla Firefox/Safariにも対応すること。
D18: また、スマートフォン(iOS、Android)については、完全対応ではなく、なるべく動作して不具合のないように注意を払うものとする。
C20: １．３ 文字コード
D22: ・文字コードは Unicode(UTF-8) を使用すること。
D23: ・Unicodeで増えた文字(JIS第三水準、JIS第四水準)の文字を表示するため、フォントはメイリオ(Mac OS Xの場合は、ヒラギノ角ゴシックProN)を利用する。
D24: 字形は JIS2004 となる。
D25: ・外字は使用しない。
C27: １．４ ディスプレイ設定
D29: ・モバイル端末で表示する画面サイズが最小320pxであることを前提にレイアウトする。
D30: ・色数は、16,777,216色が使えるものとする。
D31: ・ウインドウサイズは可変とする。
D32: ・ウインドウサイズを変更した場合に、画面の部品が追随するようにする。(ウインドウサイズを広げた場合は、それに合わせて表示が広がるようになる)
C34: １．５ 使用するWeb技術
D36: ・「１．２ 対応OS/ブラウザ」で挙げたブラウザに対応するため、以下のWeb技術を使用して画面を作成すること。
E37: ・文書および文書構造は、「XHTML 1.0 移行版(Transitional)」を用いて記述すること。
E38: ・画面の見た目は、「カスケーディングスタイルシート(CSS) 2.1」を用いて記述すること。
E39: ・端末側の動作は、「JavaSctipt 1.5」を用いて記述すること。
E40: ・JavaScriptのライブラリ(部品群)は、「jQuery 1.9」を用いること。
D41: ・ブラウザ独自のタグやスタイルシートは極力使用しないこと。

Sheet 2.画面レイアウト基準
A1: システム名 | I1: =タイトル!I40 -> 学生勤務管理システム | AE1: 工 程 | AL1: =タイトル!I43 -> 要件定義 | BI1: 作 成 | BM1: =タイトル!I46 -> 木田 優 | BW1: =タイトル!I47 -> 45175 | CF1: 管理記号 | CK1: =タイトル!I50 -> DUB013
A2: サブシステム名 | I2: =タイトル!I41 | AE2: ドキュメント | AL2: =タイトル!I44 -> 要件定義書 | BI2: 改 訂 | BM2: 木田 優 | BW2: 45201
AL3: =タイトル!I42 -> 画面基準
B5: ２． 画面レイアウト基準
C7: ２．１ 画面レイアウト
D9: ・画面はヘッダ部、フッタ部、ボディ部で構成する。
D10: ・ヘッダ部にあるボタンで日本語と英語を切り替えられるようにする。
D11: ・フッタ部、最下部にCopyrightを表示する。
D12: ・メニュー部は非表示とし、画面右上のメニューアイコン押下時にのみ表示する。
E14: 【通常画面】
E15: ヘッダ部
AW16: 【通常画面】 | BV16: 【メニュー表示時】
E17: ボディ部
E27: フッタ部
E29: COPYRIGHT © 2024 DOSHISHA UNIVERSITY ALL RIGHTS RESERVED.
E31: 【メニュー表示時】
E32: メニュー部
C49: ２．２ ヘッダ部、フッタ部レイアウト
D51: ・ヘッダ部は、同志社大学ロゴ、学生勤務管理システム、日本語/英語の切り替え、メニューアイコン、ナビゲーションで構成する。
E52: ただし、担当者・管理者は日本語のみでの使用となるので、日本語/英語の切替はなしとする。
D57: 担当者・管理者の場合
D62: [同志社大学ロゴ]・[学生勤務管理システム]部分を押下することで、ホーム画面を表示する。
D68: ・フッタ部はガイダンスとボタンで構成し、最下部にCopyrightを表示する。
D69: ・ガイダンス行は3行とし、エラー時等の情報を一覧で表示する。3つ以上表示する場合は、縦スクロールバーを表示する。
D70: ・ボタン行は1行とし、ボタンの配置は8個までとし、左から詰めて並べる。
E71: ただし、画面サイズが小さい場合など、ボタン行が1行で足りない場合は2行とする
D72: ・「新規」「変更」「削除」のいずれかがある場合は、それらのボタンを左からこの順で並べる。
D73: ・ホームページは、ユーザー情報に日本語/英語の切り替えと、氏名、ログアウトボタンを表示する。 | E73: フッタ部に戻るボタンを表示する。
E74: ただし、メニューから画面遷移した場合など、戻り先の画面が確定できていない画面については戻るボタンは表示しない
D75: ・ホーム画面のフッタ部にはCopyrightを表示する。
C93: ２．３ メニュー部レイアウト
D95: ・メニュー部は、社員ID、社員名、メニュー、ヘルプ、ログアウトボタンを表示する。
D96: ・メニュー部はヘッダ部のメニューアイコンが押下されることにより表示する。
C137: ２．４ ボディ部レイアウト
D139: ・ボディ部は、内容部のみで構成する。
D141: ２．４．１ 一覧画面と単票画面
E143: ・一覧画面で「新規」ボタンを押された場合、単票画面に遷移し、新規登録ができるようにする。
E144: ・一覧画面で行を選択された場合、単票画面に遷移し、選択した情報の変更ができるようにする。
E145: ・単票画面で「戻る」ボタンを押した場合、データベースへ登録せず、一覧に戻る。
E146: ・単票画面で「登録」ボタンを押した場合、入力チェックや関連チェックを行った後、データベースへの登録を行う。
E147: ・処理にエラーがあった場合は、単票画面のまま、エラーがあった旨をガイダンス行に表示する。
E148: ・処理が正常に終了した場合は、一覧画面に戻り、正常に終了した旨をガイダンス行に表示する。
D181: ２．４．２ 内容部レイアウト(一覧画面)
D183: ・一覧画面の内容部は、検索部、一覧部で構成する。
D184: ・選択ができない行は選択ボタンは表示せず、行全体を薄い灰色で塗りつぶす
F188: ラベル | K188: 入力ボックス | R188: ラベル | W188: リストボックス | AD188: ▼
T190: 検索
F193: 選択 | AM193: ▲
F194: >
F195: >
F196: >
F197: >
AM200: ▼
D204: ・検索が必要なく、一覧だけの機能でよい画面の場合は、一覧部とボタン行で構成する。
F208: 選択 | AM208: ▲
F209: >
F210: >
F211: >
F212: >
AM215: ▼
E225: (1) 検索部
E227: ・検索部は、検索条件を入力する入力ボックス、リストボックス等と検索ボタンで構成する。
E228: ・検索条件は、左から右へ配置する。
E229: ・検索ボタンは最終行の左下に配置する。配置のレイアウトはボタン行にあわせる。
E230: ・内容部を広く使えるようにするために、できるだけ行数が少なくなるような構成を優先し、その上で見た目も考慮する。
E233: 例①：検索条件を左から右へ配置し、行数が少なくなるように配置する
G236: 条件1
G237: 条件2 | U237: ～
Q239: 検索
G245: 条件1 | S245: 条件2 | AG245: ～
V247: 検索
E250: 例②：見た目を考慮する
G253: 条件1 | V253: 条件2 | AJ253: ～
G254: 条件3 | U254: ～ | AF254: 条件4
X256: 検索
G262: 条件1 | AF262: 条件2 | AT262: ～
G263: 条件3 | U263: ～ | AF263: 条件4
AB265: 検索
E269: (2) 一覧部
E271: ・ヘッダは、検索前から表示しておく
E272: ・検索条件が初期値で決まっており、対象件数が少なく(10件程度)、検索負荷の少ない画面の場合は、画面起動時に検索し、一覧を表示してもよい。
G275: 選択 | J275: 雇用部課 | T275: 主担当教員 | AD275: 職種
E284: ・明細は、検索を行った後に表示する。
E285: ・行数が画面の高さを超える場合、縦スクロールバーを表示し、明細部分のみスクロールさせる。
G288: 選択 | J288: 雇用部課 | T288: 主担当教員 | AD288: 職種 | AN288: ▲
G289: ＞
G290: ＞
G291: ＞
G292: ＞ | AN292: ▼
E297: ・項目が多くなりすぎて、横スクロールを用いる必要がある場合は、ヘッダと明細の両方をスクロールさせる。
F298: (使いにくくなるため、できるだけ横スクロールは使わない画面設計とすること)
G301: 選択 | J301: 雇用部課 | T301: 主担当教員 | AD301: 職種 | AN301: ▲
G302: ＞
G303: ＞
G304: ＞
G305: ＞ | AN305: ▼
G306: ◀ | AM306: ▶
E313: ・一覧から一行を選択して、照会画面や更新画面に遷移する場合は、左端（1列目）に選択ボタンを配置する。
E314: ・選択ボタン上の文字は、「 > 」(半角 大なり)とする。
G317: 選択 | AN317: ▲
...

Sheet 2.ガイドライン
A1: システム名 | I1: =タイトル!I40 -> 学生勤務管理システム | AE1: 工 程 | AL1: =タイトル!I43 -> 要件定義 | BI1: 作 成 | BM1: =タイトル!I46 -> 木田 優 | BW1: =タイトル!I47 -> 45175 | CF1: 管理記号 | CK1: =タイトル!I50 -> DUB013
A2: サブシステム名 | I2: =タイトル!I41 | AE2: ドキュメント | AL2: =タイトル!I44 -> 要件定義書 | BI2: 改 訂 | BM2: 木田 優 | BW2: 45195
AL3: =タイトル!I42 -> 画面基準
C5: ３．６ 画面作成上のガイドライン
D7: （１）画面遷移のガイドライン
E8: ・ | F8: 画面遷移は、次のガイドラインに沿って、機能から選択するように作成すること。
F10: 【変更の画面遷移】
F11: １）ホーム画面のメニューより「機能」を選択する | AL11: ２）機能に応じた一覧画面が表示されるため、 | BO11: ３）単票画面で必要事項を入力し、「承認」ボタンを押す。
AL12: リンクをクリックして、変更対象を選択する。
BP44: ４）登録対象に間違いなければ「はい」を押す。
BQ45: データが登録され、元の画面に戻る。
F49: 【削除の画面遷移】
F50: １）ホーム画面のメニューより「機能」を選択する | AI50: ２）機能に応じた一覧画面が表示されるため、 | BM50: ３）単票画面で内容を確認し、「削除」ボタンを押す。
AI51: リンクをクリックして、削除対象を選択する。
BU87: ４）削除対象に間違いなければ「はい」を押す。
BU88: データが削除され、元の画面に戻る。
F93: 【新規の画面遷移】
F94: １）ホーム画面のメニューより「機能」を選択する | AZ94: ２）機能に応じた一覧画面が表示される。
AZ95: 新規作成を押す。
F113: ３）単票画面で必要事項を入力し、「登録」ボタンを押すと、
F114: データが登録され、一覧に戻る。
AX129: ４）データが登録され、元の画面に戻る。
D137: （２）一覧画面のガイドライン
E139: ・ | F139: 一覧画面の選択は一番左の列にボタンを表示する。 | AI139: ・ | AJ139: 【禁止事項】一覧画面の選択機能としてリンクを使用する。
BL142: ・ | BM142: 「登録」「削除」などの処理はすべて単票画面で実施するので
BM143: そのための画面遷移は全て一番左列に配置されたボタンより遷移する。
E150: ・ | F150: ボタンを複数配置する場合、左側にまとめて配置する。 | AI150: ・ | AJ150: 【禁止事項】ボタンを左右に配置する。
BL151: ・ | BM151: ボタンが右にあったり左にあったりすると、マウスを左右に
BM152: 動かさないといけなくなり、操作性が悪くなる。
BL153: ・ | BM153: ボタンは極力１つにして、誤操作を抑制すること。
D181: （３）単票画面のガイドライン
E183: ・ | F183: ボタンを画面のガイダンス行の下部に配置すること。 | AI183: ・ | AJ183: 【禁止事項】ポップアップ画面を開く時の参照ボタンをガイダンス行の下部に配置しないこと。
BL185: ・ | BM185: どの項目に対しての参照なのかわからないため、参照ボタンは
BM186: 項目の右側に配置する。
E200: ・ | F200: 参照ボタン（ポップアップ画面）を項目の右側に配置すること。
E215: ・ | F215: 単票形式画面に一覧が含まれる場合、一覧部分については一覧画面のガイドラインに準ずること。
D225: （４）ガイダンスメッセージのガイドライン
E227: ・ | F227: 入力内容にエラーがあった場合には、項目の下側にメッセージを表示すること。
F228: 下側に表示するメッセージは、「xxを入力してください。」「xxは数字で入力してください。」等、その項目に関するメッセージとすること。
E229: ・ | F229: 登録完了メッセージや関連チェックなど複数の項目にまたがるメッセージは、専用の枠に表示すること。メッセージがない場合には、枠自体を表示しない。
E255: ・ | F255: 通常メッセージは黒、注意・警告メッセージは橙、エラーメッセージは赤とすること。通常メッセージ以外は、先頭にアイコンを表示すること。
G257: 通常メッセージ
G258: 注意・警告メッセージ
G259: エラーメッセージ
E261: ・ | F261: リンクでない場合は、紛らわしいので、下線を引かないこと。
G263: 通常メッセージ
G264: 注意・警告メッセージ
G265: エラーメッセージ
D269: （５）メニューに関するガイドライン
E271: ・ | F271: 権限外などで使用させないメニューが存在する場合は、メニューを表示しない。
E289: ・ | F289: メニューに標準色とは違う色を付けないこと。
D313: （６）色に関するガイドライン
E315: ・ | F315: 基本色として、次の色を使用すること。これら以外の色を使用する場合も、彩度・明度などを合わせること。 | BC315: ・ | BD315: コントラスト比は JIS X 8341-3:2010「7.1.4.3 最低限のコントラストに関する達成基準」
BD316: に従うこと。
F317: 学生 | P317: 教員（承認者） | Z317: 管理者 | AJ317: 用途 | BD317: テキスト及び画像化された文字の視覚的な表現には，少なくとも4.5:1 のコントラスト比が
F318: 色 | J318: 赤 | L318: 緑 | N318: 青 | P318: 色 | T318: 赤 | V318: 緑 | X318: 青 | Z318: 色 | AD318: 赤 | AF318: 緑 | AH318: 青 | BD318: なければならない。ただし，次の場合は除く。
J319: 217 | L319: 225 | N319: 242 | T319: 226 | V319: 239 | X319: 218 | AD319: 217 | AF319: 217 | AH319: 217 | AJ319: サイドメニューの背景 | BD319: a) 大きな文字
J320: 242 | L320: 242 | N320: 242 | P320: 左記に同じ | Z320: 左記に同じ | AJ320: サイドメニューのボタン | BD320: サイズの大きなテキスト及びサイズの大きな画像化された文字には，少なくとも3:1 の
J321: 32 | L321: 55 | N321: 100 | T321: 55 | V321: 86 | X321: 35 | AD321: 0 | AF321: 0 | AH321: 0 | AJ321: 枠等 | BD321: コントラスト比がある。
J322: 217 | L322: 225 | N322: 242 | T322: 226 | V322: 239 | X322: 218 | AD322: 217 | AF322: 217 | AH322: 217 | AJ322: 項目名 | BD322: b) 附随的
J323: 32 | L323: 55 | N323: 100 | T323: 55 | V323: 86 | X323: 35 | AD323: 0 | AF323: 0 | AH323: 0 | AJ323: 項目名・メニュー等の文字 | BD323: テキスト又は画像化された文字において，次の場合はコントラストの要件は該当しない。
J324: 217 | L324: 225 | N324: 242 | T324: 226 | V324: 239 | X324: 218 | AD324: 217 | AF324: 217 | AH324: 217 | AJ324: 画面ヘッダ部 | BD324: アクティブではないユーザインタフェースコンポーネントの一部である，
J325: 217 | L325: 225 | N325: 242 | T325: 226 | V325: 239 | X325: 218 | AD325: 217 | AF325: 217 | AH325: 217 | AJ325: 表のヘッダ部 | BD325: 装飾だけを目的にしている，
J326: 0 | L326: 0 | N326: 0 | P326: 左記に同じ | Z326: 左記に同じ | AJ326: 通常の文字、通常のメッセージ | BD326: だれ（誰）も視覚的に確認できない，
J327: 240 | L327: 50 | N327: 50 | P327: 左記に同じ | Z327: 左記に同じ | AJ327: エラーメッセージ | BD327: 又は重要な他の視覚的なコンテンツを含む写真の一部分である。
J328: 225 | L328: 150 | N328: 75 | P328: 左記に同じ | Z328: 左記に同じ | AJ328: 警告メッセージ、スケジュールの今日 | BD328: c) ロゴタイプ
J329: 242 | L329: 242 | N329: 242 | P329: 左記に同じ | Z329: 左記に同じ | AJ329: 処理のボタン | BD329: ロゴ又はブランド名の一部である文字には，コントラストの要件はない。
J330: 242 | L330: 242 | N330: 242 | P330: 左記に同じ | Z330: 左記に同じ | AJ330: 非活性項目
E332: ・ | F332: 色を使い過ぎないこと。原色や蛍光色などの派手な色は使わないこと。
BL334: ・ | BM334: 派手な色は、落ち着きがなくなる。
BL335: ・ | BM335: 色が多すぎると、何を目立たせたいのか、よく分からなくなる。
BM336: ポイントを絞った方が、重要な項目を目立たせることができる。
D357: （７）フリーワード検索のガイドライン
E359: ・ | F359: フリーワード検索（全文検索）は、データベースの全件検索となり、「サーバーが応答しなくなる。」「他の利用者にも性能劣化等の影響が出る。」といった深刻な影響が
F360: あるため、原則的に禁止する。
E361: ・ | F361: どうしても業務上必要な場合は、全文検索用のデータベース設計を作成し、性能を考慮した設計を行い、他の利用者に影響を与えないようにした上で行うこと。
D363: （８）アクセシビリティおよびユーザビリティのガイドライン
E365: ・ | F365: 障害者にも安心して使えるシステムとなるよう、「同志社大学 ウェブサイトデザインガイドライン 5.ウェブアクセシビリティおよびユーザビリティ指針」に準拠すること。
D367: （９）その他ガイドライン
E369: ・ | F369: これらのガイドラインに従わない特別な理由がある場合は、その理由を設計書に明記すること。
