Workbook

Sheet タイトル
G11: =I40 -> 顧客名：同志社大学 教務システム
G14: =I44 -> プロジェクト計画書
G17: =I42
G20: =I51 -> 【 Ver 1.0 】
J27: =TEXT(I47,"yyyy年")&IF(LEFT(TEXT(I47,"mm"),1)="0"," ","")&TEXT(I47,"m月")&IF(LEFT(TEXT(I47,"dd"),1)="0"," ","")&TEXT(I47,"d日")&"作成" -> 2023年 9月 1日作成
J29: =IF(I49=" ※ページ毎に個別入力"," 年 月 日改訂",TEXT(I49,"yyyy年")&IF(LEFT(TEXT(I49,"mm"),1)="0"," ","")&TEXT(I49,"m月")&IF(LEFT(TEXT(I49,"dd"),1)="0"," ","")&TEXT(I49,"d日")&"改訂") -> 年 月 日改訂
B38: 見出し部タイトル制御テーブル
B39: タイトル項目 | I39: タイトル項目埋め込み内容
B40: ①システム名 | I40: 顧客名：同志社大学 教務システム
B41: ②サブシステム名
B42: ③分類名
B43: ④作業工程名 | I43: プロジェクト計画
B44: ⑤ドキュメント代表名 | I44: プロジェクト計画書
B45: ⑥ドキュメント詳細名
B46: ⑦作成者 | I46: 中村 恒太郎
B47: ⑧作成日 | I47: 45170
B48: ⑦改定者 | I48: ※ページ毎に個別入力
B49: ⑧改定日 | I49: ※ページ毎に個別入力
B50: ⑨管理記号
B51: ⑩Ｖｅｒ | I51: 【 Ver 1.0 】
B53: （注1） ①～⑤は、埋め込み内容の先頭１文字は空白にする。
B55: （注2） ⑦と⑧でシート毎に異なる場合は、各シートの該当項目に直接、作成者、作成日を入力する。
B57: (注3） 文字はタイトル部：ＭＳゴシック、本文部：ＭＳ明朝で統一
B59: （注4） 管理番号は、ドキュメント体系の管理番号を使用する。

Sheet 改訂履歴
A1: 改訂履歴
A3: No | D3: Ver | H3: 新規／改訂日 | P3: 区分 | U3: 改訂箇所 | AC3: 改訂理由 | BL3: 新規／改訂者 | BS3: 承認者
U4: 頁 | X4: 項番
A5: 1 | D5: 1 | H5: =タイトル!I47 -> 45170 | P5: 新規 | AC5: 新規作成 | BL5: =タイトル!I46 -> 中村 恒太郎 | BS5: 岡井 計允

Sheet プロジェクト計画書
A1: システム名 | I1: =タイトル!I40 -> 顧客名：同志社大学 教務システム | AE1: 工 程 | AL1: =タイトル!I43 -> プロジェクト計画 | BI1: 作 成 | BM1: =タイトル!I46 -> 中村 恒太郎 | BW1: =タイトル!I47 -> 45170 | CF1: 管理記号
A2: サブシステム名 | I2: =タイトル!I41 | AE2: ドキュメント | AL2: =タイトル!I44 -> プロジェクト計画書 | BI2: 改 訂
B5: １．プロジェクト概要
C7: 1.1 プロジェクトの背景／目的
D9: 学生勤務管理システムの構築
D10: ※月々の勤務管理及び承認決裁業務をシステム化し、業務効率化を図る。
C14: 1.2 作業概要（機能要件／前提条件／作業範囲）
E15: ・学生勤務管理システムの開発作業
E16: ①学生WEB勤怠登録・申請機能
E17: ②勤務表電子承認機能
E18: ③勤務表データ抽出機能
E19: ・システム導入作業
E20: ・初期データ移行
E23: 下記の提案資料に記載
F24: Z:\#営業\DUSK_同志社大学\2023年度\DUSK3070：2023年度学生勤務管理システム\提出資料\00_初回提出_20230718
F25: Z:\#営業\DUSK_同志社大学\2023年度\DUSK3070：2023年度学生勤務管理システム\提出資料\01_再提案20230803\09_提出資料
C29: 1.3 システム環境
D31: (1)稼動システムの環境
E33: システム形態 | P33: Ｗｅｂ系
E34: サーバＯＳ | P34: Windows Server 2022（同志社 AWS 3台）
E35: 使用ＤＢ | P35: PostgreSQL 16
E36: クライアントＯＳ | P36: Windows 10,11
E37: 使用ミドルウエア等 | P37: Apache 2.4、Tomcat 9.0、Java 8（日立Java）
D40: (2)開発環境
E42: 開発クライアントＯＳ | P42: Windows 10,11
E43: 開発言語 | P43: Java8
E44: 統合開発環境（IDE） | P44: Eclipse Photon Release 4.8.0
E45: フレームワーク | P45: Seasar2
C49: 1.4 プロジェクト成果物
D51: 本プロジェクトで作成する成果物については、【別紙１】の通りである。
C53: 1.5 プロジェクトの予定原価
AL54: (単位：人日)
E55: 工 程 | S55: SA | W55: SE | AA55: PE | AE55: PG | AI55: 合計
E56: 要件定義 | W56: 7.8 | AI56: =SUM(S56:AH56) -> 7.8 | CT56: 要件定義～システムテストは作業概算シートより
E57: 基本設計 | W57: 16.2 | AI57: =SUM(S57:AH57) -> 16.2 | DI57: SA | DM57: SE | DQ57: PE | DU57: PG | DY57: 合計
E58: 詳細設計 | AA58: 35.8 | AI58: =SUM(S58:AH58) -> 35.8 | CU58: 開発 | DM58: 28.6 | DQ58: 46.8 | DU58: 68.8 | DY58: =SUM(DI58:DX58) -> 144.2
E59: 製造・単体テスト | AE59: 68.8 | AI59: =SUM(S59:AH59) -> 68.8
E60: 結合テスト | AA60: 11 | AI60: =SUM(S60:AH60) -> 11
E61: システムテスト | W61: 4.6 | AI61: =SUM(S61:AH61) -> 4.6
E62: 運用テスト | W62: 4.9 | AI62: =SUM(S62:AH62) -> 4.9
E63: 開発 小計 | S63: =SUM(S56:V62) -> 0 | W63: =SUM(W56:Z62) -> 33.5 | AA63: =SUM(AA56:AD62) -> 46.8 | AE63: =SUM(AE56:AH62) -> 68.8 | AI63: =SUM(S63:AH63) -> 149.1
E64: 本稼動サポート | AI64: =SUM(S64:AH64) -> 0
E65: 納品準備（ドキュメント整備） | W65: 1 | AE65: 1.5 | AI65: =SUM(S65:AH65) -> 2.5
E66: プロジェクト管理 | W66: 32 | AI66: =SUM(S66:AH66) -> 32 | CT66: システム環境構築シート | DG66: プロジェクト管理＋各工程レビュー＋ルールの作成
E67: 開発 合計 | S67: =SUM(S64:V66) -> 0 | W67: =SUM(W64:Z66) -> 33 | AA67: =SUM(AA64:AD66) -> 0 | AE67: =SUM(AE64:AH66) -> 1.5 | AI67: =SUM(AI64:AL66) -> 34.5
E68: 環境構築 | W68: 9 | AA68: 7.8 | AE68: 6 | AI68: =SUM(S68:AH68) -> 22.8 | CT68: 社内開発環境＋検証環境＋本番環境
E69: マニュアル作成 | AI69: =SUM(S69:AH69) -> 0
E70: 操作研修 | AI70: =SUM(S70:AH70) -> 0 | DI70: SA | DM70: SE | DQ70: PE | DU70: PG | DY70: 合計
E71: データ移行 | AI71: =SUM(S71:AH71) -> 0 | CU71: 環境構築（社内） | DM71: 5 | DQ71: 4 | DY71: =SUM(DI71:DX71) -> 9 | ED71: 環境構築
E72: システム移行 | W72: 4 | AI72: =SUM(S72:AH72) -> 4 | CU72: 環境構築（検証） | DM72: 0.5 | DU72: 2 | DY72: =SUM(DI72:DX72) -> 2.5 | ED72: 環境構築
E73: 立会い | AI73: =SUM(S73:AH73) -> 0 | CU73: 環境構築（本番） | DM73: 3.5 | DQ73: 3.5 | DU73: 4 | DY73: =SUM(DI73:DX73) -> 11 | ED73: 環境構築
E74: その他 小計 | S74: =SUM(S68:V73) -> 0 | W74: =SUM(W68:Z73) -> 13 | AA74: =SUM(AA68:AD73) -> 7.8 | AE74: =SUM(AE68:AH73) -> 6 | AI74: =SUM(AI68:AL73) -> 26.8 | DI74: =SUM(DI71:DL73) -> 0 | DM74: =SUM(DM71:DP73) -> 9 | DQ74: =SUM(DQ71:DT73) -> 7.5 | DU74: =SUM(DU71:DX73) -> 6 | DY74: =SUM(DY71:EB73) -> 22.5
E75: 総 計 | S75: =SUM(S63,S67,S74) -> 0 | W75: =SUM(W63,W67,W74) -> 79.5 | AA75: =SUM(AA63,AA67,AA74) -> 54.6 | AE75: =SUM(AE63,AE67,AE74) -> 76.3 | AI75: =SUM(AI63,AI67,AI74) -> 210.4
CU77: プロジェクト計画 | DM77: 20 | DY77: =SUM(DI77:DX77) -> 20 | ED77: プロジェクト管理
B78: ２．プロジェクトスケジュール | CU78: 各工程レビュー | DM78: 10 | DY78: =SUM(DI78:DX78) -> 10 | ED78: プロジェクト管理
CU79: プロジェクトの開発ルールの作成 | DM79: 2 | DY79: =SUM(DI79:DX79) -> 2 | ED79: プロジェクト管理
D80: 作業期間：2023年9月～2024年3月 | DY80: =SUM(DI80:DX80) -> 0
CU81: 運用手順書 | DQ81: 0.3 | DY81: =SUM(DI81:DX81) -> 0.3 | ED81: 環境構築
E82: 中日程は下記を参照 | CU82: 性能テスト | DM82: 4.9 | DY82: =SUM(DI82:DX82) -> 4.9 | ED82: 運用テスト
E83: Z:\#開発2\DUSK_同志社大学\2023年度案件\DUSK3070：2023年度学生勤務管理システム\A000_プロジェクト管理\010_プロジェクト計画\プロジェクト計画書.xlsx | CU83: 本番稼働 | DM83: 4 | DY83: =SUM(DI83:DX83) -> 4 | ED83: システム移行
CU84: 納品 | DM84: 1 | DU84: 1.5 | DY84: =SUM(DI84:DX84) -> 2.5 | ED84: 納品準備（ドキュメント整備）
DI85: =SUM(DI77:DL84) -> 0 | DM85: =SUM(DM77:DP84) -> 41.9 | DQ85: =SUM(DQ77:DT84) -> 0.3 | DU85: =SUM(DU77:DX84) -> 1.5 | DY85: =SUM(DY77:EB84) -> 43.7
CU86: 合計 | DI86: =DI74+DI85 -> 0 | DM86: =DM74+DM85 -> 50.9 | DQ86: =DQ74+DQ85 -> 7.8 | DU86: =DU74+DU85 -> 7.5 | DY86: =DY74+DY85 -> 66.2
CU88: 合計 | DI88: =DI58+DI86 -> 0 | DM88: =DM58+DM86 -> 79.5 | DQ88: =DQ58+DQ86 -> 54.6 | DU88: =DU58+DU86 -> 76.3 | DY88: =DY58+DY86 -> 210.4
B94: ３．プロジェクト体制
C96: 3.1 体制
E98: 役割 | Q98: 担 当
E99: プロジェクトマネージャ | Q99: 岡井
E100: プロジェクトリーダ | Q100: 中村
E101: 設計担当 | Q101: 木田
E102: 製造担当 | Q102: 我部山、柴田、小田桐
E103: テスト担当 | Q103: 我部山、柴田、小田桐、木田
E104: 移行担当 | Q104: 中村
C106: 3.2 役割
E108: 役割 | Q108: 責任と権限
E109: プロジェクトマネージャ （PM） | Q109: プロジェクトの計画／実施、品質、進捗、監視に関する全ての責任と権限を持つ
E111: プロジェクトリーダ （PL） | Q111: プロジェクト・マネージャーの指揮下において、各チーム間の調節および、チーム内の品質、進捗、監視に関する責任と権限を持つ
E113: 設計担当 | Q113: 要件定義、基本設計、詳細設計に関する責任と権限を持つ
E115: 製造担当 | Q115: 詳細設計に従い、プログラムの製造／単体テストを実施する責任と権限を持つ
E117: テスト担当 | Q117: テスト設計書に従い、結合テスト／システムテストを実施する責任と権限を持つ
E119: 移行担当 | Q119: 移行手順に伴い、リリースを実施する責任と権限を持つ
C122: 3.3 人員計画（山積み）
D124: 人員計画（山積み）については、【別紙２】の通りである。
B138: ４．品質計画
C140: 4.1 品質目標
D142: 成果物に対し、以下の通りレビューを実施する。
E144: 項番 | G144: 工程 | P144: 対象成果物 | AC144: レビュー計画
E145: 1 | G145: 要件定義 | P145: 機能一覧 | AC145: 要件定義レビュー
E148: 2 | G148: 基本設計 | P148: 機能設計書 | AC148: 基本設計書レビュー
P149: テーブル定義書
P150: コード定義書
P151: CCL | AC151: 結合テスト設計レビュー
E152: 3 | G152: 詳細設計 | P152: 詳細設計書 | AC152: 詳細設計書レビュー
P153: PCL | AC153: 単体テスト設計レビュー
E154: 4 | G154: 製造・単体テスト | P154: プログラムコード | AC154: コードレビュー
AC155: ※難度の高い機能を一部実施
E160: レビューを必須とする基準
F161: ・当該工程を初めて担当する場合
F162: ・その他、特に重要と判断した場合
C169: 4.2 工程毎の完了判定計画
...

Sheet (別紙1）プロジェクト成果物
A1: システム名 | I1: =タイトル!I40 -> 顧客名：同志社大学 教務システム | AE1: 工 程 | AL1: =タイトル!I43 -> プロジェクト計画 | BI1: 作 成 | BM1: =タイトル!I46 -> 中村 恒太郎 | BW1: =タイトル!I47 -> 45170 | CF1: 管理記号
A2: サブシステム名 | I2: =タイトル!I41 | AE2: ドキュメント | AL2: =タイトル!I44 -> プロジェクト計画書 | BI2: 改 訂
A5: 【別紙１】プロジェクト成果物
D7: 項番 | F7: 工程 | Q7: 成果物一覧 ※■作成する成果物
D8: 1 | F8: プロジェクト計画 | R8: ■ | S8: プロジェクト計画書 | AD8: □ | AE8: テスト計画書 | AP8: □ | AQ8: 移行計画書
R9: ■ | S9: レビュー記録表
R10: □ | S10: その他（ | AZ10: ）
D11: 2 | F11: 要件定義 | R11: □ | S11: ヒアリング票 | AD11: □ | AE11: 業務一覧 | AP11: ■ | AQ11: 業務フロー
R12: ■ | S12: 機能要件 | AD12: ■ | AE12: 機能一覧 | AP12: ■ | AQ12: 非機能要件関連
R13: ■ | S13: ネーミング基準書 | AD13: ■ | AE13: コード設計書 | AP13: ■ | AQ13: メッセージ設計書
R14: □ | S14: 共通ルール／方式設計 | AD14: ■ | AE14: 画面共通設計書 | AP14: □ | AQ14: 帳票共通設計書
R15: □ | S15: バッチ共通設計書 | AD15: ■ | AE15: システム環境設計書 | AP15: ■ | AQ15: レビュー記録表
R16: □ | S16: 議事録
R17: ■ | S17: その他（ | W17: 要件定義資料 | AZ17: ）
D18: 3 | F18: 基本設計 | R18: ■ | S18: コード定義書 | AD18: ■ | AE18: メッセージ定義書 | AP18: □ | AQ18: データフロー
R19: ■ | S19: ER図 | AD19: ■ | AE19: テーブル項目定義 | AP19: □ | AQ19: CRUD図
R20: ■ | S20: 画面遷移図 | AD20: ■ | AE20: 画面設計書 | AP20: ■ | AQ20: 帳票設計書
R21: ■ | S21: バッチ設計書 | AD21: ■ | AE21: 外部インタフェース設計書
R22: ■ | S22: 結合テスト設計書（CCL) | AD22: ■ | AE22: レビュー記録表
R23: ■ | S23: その他（ | W23: 基本設計顧客レビュー議事録 | AZ23: ）
D24: 4 | F24: 詳細設計 | R24: ■ | S24: 共通モジュール設計書 | AD24: ■ | AE24: 画面設計書 | AP24: ■ | AQ24: 帳票設計書
R25: ■ | S25: バッチ設計書 | AD25: ■ | AE25: DAO設計書 | AP25: ■ | AQ25: 単体テスト設計書（PCL)
R26: ■ | S26: レビュー記録表
R27: □ | S27: その他（ | AZ27: ）
D28: 5 | F28: 製造・単体テスト | R28: ■ | S28: プログラムソース | AD28: ■ | AE28: レビュー記録表 | AP28: □ | AQ28: 単体テスト設計書（PCL)
R29: ■ | S29: 単体テスト結果報告書 | AD29: ■ | AE29: PCLの消し込み | AP29: ■ | AQ29: 不具合票
R30: □ | S30: その他（ | AZ30: ）
D31: 6 | F31: 結合テスト | R31: □ | S31: 結合テスト設計書（CCL) | AD31: ■ | AE31: 結合テスト結果報告書 | AP31: ■ | AQ31: CCLの消し込み
R32: ■ | S32: 不具合票 | AD32: ■ | AE32: レビュー記録表
R33: □ | S33: その他（ | AZ33: ）
D34: 7 | F34: システムテスト | R34: ■ | S34: システムテスト設計書（SCL) | AP34: ■ | AQ34: システムテスト結果報告書
R35: ■ | S35: SCLの消し込み | AD35: ■ | AE35: 不具合票 | AP35: ■ | AQ35: レビュー記録表
R36: □ | S36: その他（ | AZ36: ）
D37: 8 | F37: システム移行 | R37: ■ | S37: 移行手順書 | AD37: ■ | AE37: レビュー記録表
R38: □ | S38: その他（ | AZ38: ）
D39: 9 | F39: マニュアル作成 | R39: □ | S39: 操作マニュアル | AD39: □ | AE39: 運用マニュアル | AP39: □ | AQ39: 操作研修用マニュアル
R40: □ | S40: その他（ | AZ40: ）

Sheet (別紙2）人員計画
A1: システム名 | I1: =タイトル!I40 -> 顧客名：同志社大学 教務システム | AE1: 工 程 | AL1: =タイトル!I43 -> プロジェクト計画 | BI1: 作 成 | BM1: =タイトル!I46 -> 中村 恒太郎 | BW1: =タイトル!I47 -> 45170 | CF1: 管理記号
A2: サブシステム名 | I2: =タイトル!I41 | AE2: ドキュメント | AL2: =タイトル!I44 -> プロジェクト計画書 | BI2: 改 訂
A5: 【別紙２】人員計画（山積み）
C7: 項番 | E7: 要員 | J7: 計画 工数 | N7: 45017 | AO7: =EOMONTH(N7,9) -> 45322
N8: =N7 -> 45017 | Q8: =EOMONTH(N8,1) -> 45077 | T8: =EOMONTH(Q8,1) -> 45107 | W8: =EOMONTH(T8,1) -> 45138 | Z8: =EOMONTH(W8,1) -> 45169 | AC8: =EOMONTH(Z8,1) -> 45199 | AF8: =EOMONTH(AC8,1) -> 45230 | AI8: =EOMONTH(AF8,1) -> 45260 | AL8: =EOMONTH(AI8,1) -> 45291 | AO8: =EOMONTH(AL8,1) -> 45322 | AR8: =EOMONTH(AO8,1) -> 45351 | AU8: =EOMONTH(AR8,1) -> 45382
C9: 1 | E9: 岡井 | J9: =SUM(N9:AW9) -> 0 | N9: 0 | Q9: 0 | T9: 0 | W9: 0 | Z9: 0 | AC9: 0 | AF9: 0 | AI9: 0 | AL9: 0 | AO9: 0 | AR9: 0 | AU9: 0
C10: 2 | E10: 鳥羽 | J10: =SUM(N10:AW10) -> 0.1 | N10: 0 | Q10: 0 | T10: 0 | W10: 0 | Z10: 0.1 | AC10: 0 | AF10: 0 | AI10: 0 | AL10: 0 | AO10: 0 | AR10: 0 | AU10: 0
C11: 3 | E11: 中村 | J11: =SUM(N11:AW11) -> 2.3 | N11: 0 | Q11: 0 | T11: 0 | W11: 0 | Z11: 0.2 | AC11: 0.3 | AF11: 0.4 | AI11: 0.3 | AL11: 0.4 | AO11: 0.3 | AR11: 0.2 | AU11: 0.2 | AX11: PL
C12: 4 | E12: 我部山 | J12: =SUM(N12:AW12) -> 0.7 | N12: 0 | Q12: 0 | T12: 0 | W12: 0 | Z12: 0 | AC12: 0 | AF12: 0 | AI12: 0 | AL12: 0.7 | AO12: 0 | AR12: 0 | AU12: 0 | AX12: 製造・単体テスト
C13: 5 | E13: 山下 | J13: =SUM(N13:AW13) -> 0.4 | N13: 0 | Q13: 0 | T13: 0 | W13: 0 | Z13: 0 | AC13: 0 | AF13: 0.1 | AI13: 0.1 | AL13: 0.1 | AO13: 0.1 | AR13: 0 | AU13: 0 | AX13: 設計・製造レビューア
C14: 6 | E14: 西山 | J14: =SUM(N14:AW14) -> 0.9 | N14: 0 | Q14: 0 | T14: 0 | W14: 0 | Z14: 0 | AC14: 0 | AF14: 0 | AI14: 0 | AL14: 0 | AO14: 0.7 | AR14: 0.2 | AU14: 0 | AX14: 環境構築
C15: 7 | E15: 柴田 | J15: =SUM(N15:AW15) -> 2 | N15: 0 | Q15: 0 | T15: 0 | W15: 0 | Z15: 0 | AC15: 0 | AF15: 0 | AI15: 1 | AL15: 0.9 | AO15: 0.1 | AR15: 0 | AU15: 0 | AX15: 製造・単体テスト
C16: 8 | E16: 木田 | J16: =SUM(N16:AW16) -> 4.5 | N16: 0 | Q16: 0 | T16: 0 | W16: 0 | Z16: 0.5 | AC16: 1 | AF16: 1 | AI16: 1 | AL16: 0 | AO16: 1 | AR16: 0 | AU16: 0 | AX16: 要件定義、基本設計、詳細設計、CT、ST
C17: 9 | E17: 小田桐 | J17: =SUM(N17:AW17) -> 1.1 | N17: 0 | Q17: 0 | T17: 0 | W17: 0 | Z17: 0 | AC17: 0 | AF17: 0 | AI17: 0 | AL17: 0.6 | AO17: 0.5 | AR17: 0 | AU17: 0 | AX17: 製造・単体テスト
J18: =SUM(J9:J17) -> 12
J21: 理由

Sheet (別紙3）完了判定計画
A1: システム名 | I1: =タイトル!I40 -> 顧客名：同志社大学 教務システム | AE1: 工 程 | AL1: =タイトル!I43 -> プロジェクト計画 | BI1: 作 成 | BM1: =タイトル!I46 -> 中村 恒太郎 | BW1: =タイトル!I47 -> 45170 | CF1: 管理記号
A2: サブシステム名 | I2: =タイトル!I41 | AE2: ドキュメント | AL2: =タイトル!I44 -> プロジェクト計画書 | BI2: 改 訂
A5: 【別紙３】工程毎の完了判定計画
D6: 中規模
D7: 項番 | F7: 工程 | Q7: インプット | AB7: アウトプット （作業成果物) | AQ7: 品質管理 | BC7: 終了条件 | BU7: 終了基準を満たされない場合の対処 | CM7: 工程完了の承認者
D9: 1 | F9: 設計合否判定 | Q9: ①プロジェクト計画書 ②課題管理表 ③リスク管理表 ④WBS ⑤要件定義のアウトプット ⑥設計工程のアウトプット | AB9: 合否判定会議の議事録 | AQ9: 残課題および残リスクの件数／分析 | BC9: ①要件定義の顧客レビューが完了し、 課題が明確になっている ②製造工程以降の作業計画が完了し 課題が明確になっている ③製造工程以降のリスクが洗出され、 対応方針が決定している。 | BU9: 合否判定会議での決定結果に従う | CM9: ＰＭ
D17: 2 | F17: リリース | Q17: ①プロジェクト計画書 ②課題管理表 ③リスク管理表 ④製造工程のアウトプット ⑤テスト工程のアウトプット | AB17: リリース判定会議の議事録 | AQ17: ・品質目標の分析／評価 ・残課題および残リスク の件数／分析 | BC17: ①品質目標が達成されている。 ②品質目標が達成されていない場合、 品質分析が実施され問題無い事が 確認されている。 ③リリースに影響が有る課題・リスク が全て解決されている。 | BU17: リリース判定会議での決定結果に従う | CM17: ＰＭ
