Workbook
Name _Toc94971774: 機能概要・画面遷移図!#REF!
Name _Toc94971775: 機能概要・画面遷移図!#REF!
Name AitemDic: #REF!

Sheet タイトル
G11: =I40 -> 学生勤務管理システム
G14: =I44 -> CK-010_勤務データ承認(照会)
G17: =I42
G20: =I51 -> 【 Ver 1.16 】
J27: =TEXT(I47,"yyyy年")&IF(LEFT(TEXT(I47,"mm"),1)="0"," ","")&TEXT(I47,"m月")&IF(LEFT(TEXT(I47,"dd"),1)="0"," ","")&TEXT(I47,"d日")&"作成" -> 2023年10月 4日作成
J29: =IF(I49=" ※ページ毎に個別入力"," 年 月 日改訂",TEXT(I49,"yyyy年")&IF(LEFT(TEXT(I49,"mm"),1)="0"," ","")&TEXT(I49,"m月")&IF(LEFT(TEXT(I49,"dd"),1)="0"," ","")&TEXT(I49,"d日")&"改訂") -> 2025年11月13日改訂
B38: 見出し部タイトル制御テーブル
B39: タイトル項目 | I39: タイトル項目埋め込み内容
B40: ①システム名 | I40: 学生勤務管理システム
B41: ②サブシステム名 | I41: 共通機能
B42: ③分類名
B43: ④作業工程名 | I43: 機能設計
B44: ⑤ドキュメント代表名 | I44: CK-010_勤務データ承認(照会)
B45: ⑥ドキュメント詳細名 | I45: ※ページ毎に個別入力
B46: ⑦作成者 | I46: 木田 優
B47: ⑧作成日 | I47: 45203
B48: ⑦改定者 | I48: ※ページ毎に個別入力
B49: ⑧改定日 | I49: =TEXT(MAX(改訂履歴!J5:J995),"yyyy/mm/dd") -> 2025/11/13
B50: ⑨管理記号 | I50: DUC010
B51: ⑩Ｖｅｒ | I51: ="【 Ver " & TEXT(MAX(改訂履歴!E5:E995),"0.00") & " 】" -> 【 Ver 1.16 】

Sheet 改訂履歴
A1: 改訂履歴
A3: No | E3: Ver | J3: 新規／改訂日 | R3: 区分 | W3: 改訂箇所 | AH3: 改訂理由 | BR3: 新規／改訂者
W4: 頁 | AA4: 機能
A5: 1 | E5: 1 | J5: =タイトル!I47 -> 45203 | R5: 新規 | AH5: 新規作成 | BR5: 木田 優
A6: 2 | E6: 1.01 | J6: 45224 | R6: 変更 | AH6: 検索条件、一覧表示内容の変更 | BR6: 木田 優
A7: 3 | E7: 1.02 | J7: 45238 | R7: 変更 | AA7: 勤務データ承認 | AH7: 勤務ステータスの詳細情報を追記 承認一括時に再承認待ちの勤務を承認した時にアラートを表示するように追記 担当者の承認画面に教員コード・氏名を追加表示 | BR7: 木田 優
A8: 4 | J8: 45238 | R8: 変更 | AA8: 勤務データUL | AH8: 更新ステータスのデフォルト値の補足説明を追加 | BR8: 木田 優
A9: 5 | E9: 1.03 | J9: 45247 | R9: 変更 | AA9: 勤務データUL | AH9: 勤務データ内容を勤務データフォーマットに追加 | BR9: 木田 優
A10: 6 | E10: 1.04 | J10: 45265 | R10: 変更 | AA10: 機能概要・画面遷移図 | AH10: ホーム画面からの遷移時は、戻るボタンはなしとする 兼任・代理承認画面からの遷移を追加 | BR10: 大久保 梓沙
A11: 7 | E11: 〃 | J11: 45265 | R11: 変更 | AA11: 勤務データ承認（教員） | AH11: ステータスの初期値を変更 学生ID/氏名の活性化制御を削除（職種と雇用部課の両方が選択されていないと、空リストが表示されるため、非活性は不要） 日付をyyyy/m/d形式に変更 | BR11: 大久保 梓沙
A12: 8 | E12: 〃 | J12: 45265 | R12: 変更 | AA12: 勤務データ承認（担当者） | AH12: ステータスの初期値を変更 一覧の表示件数を1,000件に変更 日付をyyyy/m/d形式に変更 | BR12: 大久保 梓沙
A13: 9 | E13: 〃 | J13: 45265 | R13: 変更 | AA13: 勤務データ承認（管理者） | AH13: 一覧の表示件数を1,000件に変更 日付をyyyy/m/d形式に変更 給与計算済かどうかを判定する条件と一覧項目を追加 | BR13: 大久保 梓沙
A14: 10 | E14: 〃 | J14: 45265 | R14: 変更 | AA14: 勤務データUL | AH14: 勤務データの項目を追加 | BR14: 大久保 梓沙
A15: 11 | E15: 〃 | J15: 45265 | R15: 変更 | AA15: 勤務データUL | AH15: メール送信について追記 | BR15: 大久保 梓沙
A16: 12 | E16: 1.05 | J16: 45267 | R16: 変更 | AA16: 勤務データ承認（教員） | AH16: 兼任・代理承認中と文言を表示したイメージを追加 | BR16: 木田 優
A17: 13 | E17: 〃 | J17: 45267 | R17: 変更 | AA17: 勤務データ承認（担当者） | AH17: 兼任・代理承認中と文言を表示したイメージを追加 | BR17: 木田 優
A18: 14 | E18: 1.06 | J18: 45314 | R18: 変更 | AH18: 検索条件、一覧表示内容の変更 | BR18: 木田 優
A19: 15 | E19: 1.07 | J19: 45630 | R19: 変更 | AA19: 勤務データ承認（管理者） 勤務データＵＬ | AH19: 勤務データ承認（管理者）の使用ユーザに担当者を追加 勤務データDLのフォーマット一覧に担当者の照会モードの場合の出力仕様を追加 （2024年度改修_項番1） | BR19: 木田 優
A20: 16 | E20: 1.08 | J20: 45642 | R20: 変更 | AA20: 勤務データ承認（担当者） 勤務データＵＬ | AH20: 担当者承認のみ給与改定日を過ぎた勤務は承認できないように制御を追加 （2024年度改修_項番5） | BR20: 木田 優
A21: 17 | E21: 1.09 | J21: 45803 | R21: 変更 | AA21: 勤務データ承認（教員） 勤務データ承認（担当者） 勤務データ照会（管理者、担当者） | AH21: 支給日（年・月）のデフォルト表示をNULLにする （2025年度改修_項番8） | BR21: 木田 優
A22: 18 | E22: 1.1 | J22: 45814 | R22: 変更 | AA22: 勤務データ承認（教員） 勤務データ承認（担当者） 勤務データ照会（管理者、担当者） | AH22: 検索結果一覧の出力項目を変更 教員・担当者（承認） 追加：「学生ID（学生欄の左）」「勤務内容（校地移動の左）」 削除：「最終更新者」「最終更新日時」 担当者（照会）・管理者 追加：「学生ID（学生欄の左）」のみ 削除：「勤務承認日時」 （2025年度改修_項番4） | BR22: 木田 優
A23: 19 | E23: 1.11 | J23: 45818 | R23: 変更 | AA23: 勤務データ照会（管理者、担当者） 勤務データＵＬ | AH23: 勤務情報入力日（勤務情報最終更新日）の項目を追加する （2025年度改修_項番6） | BR23: 木田 優
A24: 20 | E24: 1.12 | J24: 45818 | R24: 変更 | AA24: 勤務データ承認（教員） 勤務データ承認（担当者） 勤務データ照会（管理者、担当者） | AH24: RAの場合の雇用情報の表示に雇用部課を追加する （2025年度改修_項番7） | BR24: 木田 優
A25: 21 | E25: 1.13 | J25: 45818 | R25: 変更 | AA25: 勤務データＵＬ | AH25: 勤務データダウンロード項目に業務・予算・配分先項目を追加する （2025年度改修_項番9） | BR25: 木田 優
A26: 22 | E26: 1.14 | J26: 45861 | R26: 変更 | AA26: 勤務データ照会（管理者、担当者） | AH26: 支給日（年・月）のデフォルト表示を直近の給与計算の対象となる給与支給日にする。 （2025年度改修_項番8） | BR26: 木田 優
A27: 23 | E27: 1.15 | J27: 45863 | R27: 変更 | AA27: 勤務データ承認（担当者） 勤務データ照会（管理者、担当者） | AH27: 画面を表示したと同時に検索処理を実行する機能の説明を追記 （2025年度改修_項番8） | BR27: 木田 優
A28: 24 | E28: 1.16 | J28: 45974 | R28: 変更 | AA28: 勤務データ照会（管理者、担当者） 勤務データＵＬ | AH28: 勤務情報入力日のタイトルを勤務情報最終更新日に変更する 勤務情報最終更新日の更新補足を追記 （2025年度保守_項番51） | BR28: 木田 優

Sheet 機能概要・画面遷移図
A1: システム名 | I1: =タイトル!I40 -> 学生勤務管理システム | AE1: 工 程 | AL1: =タイトル!I43 -> 機能設計 | BI1: 作 成 | BM1: =タイトル!I46 -> 木田 優 | BW1: =タイトル!I47 -> 45203 | CF1: 管理記号 | CK1: =タイトル!I50 -> DUC010
A2: サブシステム名 | I2: =タイトル!I41 -> 共通機能 | AE2: ドキュメント | AL2: =タイトル!I44 -> CK-010_勤務データ承認(照会) | BI2: 改 訂
A4: 機能名称 | I4: =" " & RIGHT(タイトル!I44,LEN(タイトル!I44)-8) -> 勤務データ承認(照会) | AL4: 機能ＩＤ | AS4: =LEFT(タイトル!I44,7) -> CK-010 | BI4: 利用想定ユーザー | BT4: 管理者・担当者・教員
A5: 機 能 概 要
B7: 登録されている勤務データを承認・修正・差戻・照会する時に使用する。
B8: 勤務データをダウンロード、アップロードを行う時に使用する。
A10: 画 面 遷 移 図
C13: ○ホーム画面（教員、担当者） | AG13: ○勤務データ承認（照会）画面 | BK13: ○勤務入力画面
D14: （CC-020-01G） | AH14: （CK-010-01G） | BL14: （GA-010-01G）
V15: 勤務データ承認ボタン | AZ15: 選択ボタン
AZ20: 戻るボタン
BK24: ○勤務データＵＬ画面
AJ25: 勤務ＤＬ | AZ25: 承認ＵＬボタン | BL25: （CK-010-02G）
AJ26: ボタン
AG27: （CK-010-04E）
AZ30: 戻るボタン
C36: ○ホーム画面（管理者） | AG36: ○勤務データ承認（照会）画面 | BK36: ○勤務入力画面
D37: （CC-020-01G） | AH37: （CK-010-01G） | BL37: （GA-010-01G）
V38: 勤務データ照会ボタン | AZ38: 選択ボタン
AZ43: 戻るボタン
A48: 画 面 遷 移 図
C53: ○兼任・代理承認画面
D54: （CK-030-01G）
X55: 兼任・代理承認へボタン
Y62: ○勤務データ承認（照会）画面
Z63: （CK-010-01G）
C71: ○兼任・代理承認画面
D72: （CK-030-01G）
W75: 兼任・代理承認へボタン

Sheet 勤務データ承認（教員）
A1: システム名 | I1: =タイトル!I40 -> 学生勤務管理システム | AE1: 工 程 | AL1: 機能設計 | BI1: 作 成 | BM1: =タイトル!I46 -> 木田 優 | BW1: =タイトル!I47 -> 45203 | CF1: 管理記号 | CK1: =タイトル!I50 -> DUC010
A2: サブシステム名 | I2: 共通機能 | AE2: ドキュメント | AL2: =タイトル!I44 -> CK-010_勤務データ承認(照会) | BI2: 改 訂 | BM2: 木田 優 | BW2: 45818
A4: 画面名称 | I4: =" " & RIGHT(CELL("filename",A1),LEN(CELL("filename",A1))-FIND("]",CELL("filename",A1))) -> 勤務データ承認（教員） | AL4: 画面ＩＤ | AS4: CK-010-01G | BI4: 利用想定ユーザー | BT4: 教員
A5: 画面レイアウト | BI5: 機能概要
AF7: 一覧を右スクロールした場合 | BJ7: ・ | BK7: 登録されている勤務データを承認・修正・差戻・照会する時に使用する。
BJ8: ・ | BK8: 勤務データのダウンロード、アップロードを行う時に使用する。
BI10: 画面説明 （処理内容・アクション等）
BJ12: ・ | BK12: 支給日は直近の給与計算の対象となる給与支給日を初期値とする。 | CT12: 2025年度改修_項番8
BJ14: ・ | BK14: ステータスは『承認待ち・差戻等」を初期値とする。
BJ16: ・ | BK16: ログインした教員が承認対象になっている勤務データのみを表示する。
BL17: ※教員は勤務承認テーブルの主担当教員コードとログインした教員が
BL18: 持つ教員コードが一致している勤務データを表示
BJ20: ・ | BK20: 画面を表示したと同時に、支給日とステータスを条件にして、 | CT20: 2025年度改修_項番8
BK21: 検索処理を実行する。
BJ23: ・ | BK23: 検索結果の行は30行を最大とし、31行目以降はページング機能を使用して
BK24: 表示する行を切り替える。
BJ26: ・ | BK26: 選択ボタンを押下すると、勤務入力画面を表示する。
BJ28: ・ | BK28: 承認ボタンを押下すると、承認にチェックが入っている勤務データを
BK29: 承認し、次の承認者へ承認申請を行う。
BK30: ※ステータスが差戻の勤務データを含み、一括承認する場合、
BL31: 差戻を含んでいる旨の確認メッセージを表示すること。
BJ33: ・ | BK33: 勤務ＤＬボタンを押下すると、画面に表示されている全結果を
BK34: ＥＸＣＥＬダウンロードする。
BJ36: ・ | BK36: 承認ＵＬボタンを押下すると、勤務データＵＬ画面を表示する。
A38: リストボックス | BI38: 権限による画面制御
A39: 項目名 | K39: 内容 | AW39: 並び順
A40: 支給日（年） | K40: 給与支給マスタの給与支給日の年 | AW40: 降順
A41: 支給日（月日） | K41: 支給日（年）に一致する給与支給日マスタの給与支給日の月日 | AW41: 降順
A42: ステータス | K42: ステータス（※選択肢に「承認待ち・差戻等」を追加し、先頭に表示する）[C00021] | AW42: 昇順
A43: 職種 | K43: 職種 | AW43: 昇順 | BI43: 一覧の並び順
A44: 雇用部課 | K44: 雇用部課 | AW44: 昇順
BJ45: ステータス（昇順）→ 学生ＩＤ[非表示]（昇順）→ 勤務日（昇順）
BJ46: → 勤務時間（昇順）
A48: 画 面 補 足 説 明
B50: ○入力項目（検索条件） | AY50: ○リストボックス（続き）
B51: 項目名 | P51: 入力必須 | U51: 桁数 | X51: 入力制限等 | AY51: 【職種】
B52: 支給日（年） | P52: △ | U52: － | X52: リストボックス | AZ52: 職種 | BU52: ▼ | CT52: 2025年度改修_項番8
B53: 支給日（月） | P53: △ | U53: － | X53: リストボックス | BH53: TA | CT53: 2025年度改修_項番8
B54: ステータス | P54: × | U54: － | X54: リストボックス | BH54: SA
B55: 職種 | P55: × | U55: － | X55: リストボックス | BH55: RA
B56: 雇用部課 | P56: × | U56: － | X56: リストボックス | BH56: LA
B57: ※ステータスが『承認待ち・差戻等』以外で支給日（年・月）が空白の場合、エラーメッセージを表示する。 | BH57: 留学生チューター | CT57: 2025年度改修_項番8
C58: エラーメッセージ：ステータスが承認待ち・差戻等以外の場合は支給日を入力してください。 | BH58: 研究活動等支援員
BH59: 一般
B60: ○リストボックス | AY60: 【雇用部課】
C61: 【支給日】 | AZ61: 雇用部課 | BU61: ▼
D62: 支給日 | T62: ▼ | AD62: ▼ | BH62: 101：法人事務室
L63: 2023 | V63: 9/23 | BH63: 102：監査室
L64: 2022 | V64: 8/23 | BH64: 103：募金課
L65: 2021 | V65: 7/23 | BH65: 104：150周年記念事務室
BI66: ・
C67: 支給日（年）の選択結果に連動して、支給日（月）のリストボックスを変動させる。 | BI67: ・
C68: 支給日（年）を未選択にすると、支給日（月）をクリアする。
AY69: 〇行の背景色
AZ70: 勤務入力のステータスが「承認待ち」・「再承認待ち」・「差戻」以外の場合、
C71: 【ステータス】 | AZ71: 行の背景色を薄い灰色に設定する。
D72: ステータス | AD72: ▼
AZ73: 【ステータスが「差戻」「承認待ち」「再承認待ち」】
M74: 承認待ち・差戻等 | BA74: 選択 | BD74: 承認 | BG74: 学生 | BS74: 勤務日 | CH74: ステータス
M75: 修正依頼中
M76: 承認済み | BA76: > | BG76: 同志社 太郎 | BS76: 45215 | CH76: 差戻
BA77: > | BG77: 同志社 次郎 | BS77: 45217 | CH77: 承認待ち
K78: ※ | L78: 承認待ち・差戻等
M79: ステータスが「承認待ち」「再承認待ち」「差戻」の勤務データを表示 | AZ79: 【ステータスが「承認済み」「修正依頼中」】
K80: ※修正依頼中 | BA80: 選択 | BD80: 承認 | BG80: 学生 | BS80: 勤務日 | CH80: ステータス
M81: 学生または直近の承認者に差し戻した場合のステータス
K82: ※承認済み | BA82: > | BG82: 同志社 太郎 | BS82: 45215 | CH82: 承認済み
M83: 勤務データを承認した場合のステータス | BA83: > | BG83: 同志社 次郎 | BS83: 45217 | CH83: 承認済み
AY85: 〇一括承認時のワーニングメッセージ
AZ86: ワーニング条件 | BU86: ワーニングメッセージ
AZ87: 一括承認する勤務データの中に差戻された勤務データを含む場合 | BU87: 差戻を含む勤務を一括承認しようとしています。よろしいですか？
A91: 画 面 補 足 説 明
B93: ○出力項目
B94: 項目名 | K94: 編集内容等 | AY94: 〇選択ボタン
B95: 承認 | K95: ステータスが承認待ち、再承認待ち、差戻の行のみ、チェックボックスを表示する | AY95: ステータスによって、勤務入力画面の表示内容を制御する。
AZ96: ステータス：承認済み、修正依頼中 | BV96: ステータス：承認待ち・再承認待ち・差戻
B97: 学生ID | K97: 学生ID（社員ID） | CT97: 2025年度改修_項番4
B98: 学生 | K98: 学生氏名
B99: 勤務日 | K99: MM/dd(aaa)
B100: 勤務時間 (控除時間(分)) | K100: hh:mm ～hh:mm (m) 勤務開始時刻～勤務終了時刻（勤務控除時間(分)）
B102: 勤務内容 | K102: 勤務内容 | CT102: 2025年度改修_項番4
B103: 校地移動 | K103: する or しない
B104: ステータス
B105: 雇用情報※1 | K105: 職種毎に表示する情報が変動します 詳細は※1参照
B107: 最終更新者 | K107: 更新者氏名
B108: 最終更新日時 | K108: yyyy/M/d(aaa) hh:mm | CT108: 2025年度改修_項番4
CT109: 2025年度改修_項番4
B110: ※1 | D110: 雇用情報について
C111: 職種 | F111: 雇用情報1 | L111: 雇用情報2 | R111: 雇用情報3 | X111: 雇用情報4 | AD111: 雇用情報5
C112: TA | F112: 職種 | L112: 曜日講時 | R112: 科目 | X112: クラスコード | AD112: 指導教員名
C113: SA | F113: 職種 | L113: 曜日講時 | R113: 科目 | X113: クラスコード | AD113: 指導教員名
C114: RA | F114: 職種 | L114: 雇用部課名 | R114: 指導教員名 | CT114: 2025年度改修_項番7
C115: LA | F115: 職種 | L115: 雇用部課名
C116: IS | F116: 職種 | L116: 指導教員名
C117: RS | F117: 職種 | L117: 指導教員名
C118: PJ | F118: 職種 | L118: 雇用部課名 | R118: 業務内容等
BA125: ※勤務入力の修正・差戻ボタン押下時の制御は「GA-010：勤務入力」の設計書を参照。
AY128: 〇勤務ＤＬ
AZ129: 勤務データのダウンロードフォーマットは「勤務データＵＬ」の画面補足説明を参照。
AZ130: ※勤務ＤＬしたフォーマットを使用し、勤務データＵＬ画面からアップロードする必要があります。
...

Sheet 勤務データ承認（担当者）
A1: システム名 | I1: =タイトル!I40 -> 学生勤務管理システム | AE1: 工 程 | AL1: 機能設計 | BI1: 作 成 | BM1: =タイトル!I46 -> 木田 優 | BW1: =タイトル!I47 -> 45203 | CF1: 管理記号 | CK1: =タイトル!I50 -> DUC010
A2: サブシステム名 | I2: 共通機能 | AE2: ドキュメント | AL2: =タイトル!I44 -> CK-010_勤務データ承認(照会) | BI2: 改 訂 | BM2: 木田 優 | BW2: 45818
A4: 画面名称 | I4: =" " & RIGHT(CELL("filename",A1),LEN(CELL("filename",A1))-FIND("]",CELL("filename",A1))) -> 勤務データ承認（担当者） | AL4: 画面ＩＤ | AS4: CK-010-01G | BI4: 利用想定ユーザー | BT4: 担当者
A5: 画面レイアウト | BI5: 機能概要
BJ7: ・ | BK7: 登録されている勤務データを承認・修正・差戻・照会する時に使用する。
BJ8: ・ | BK8: 勤務データのダウンロード、アップロードを行う時に使用する。
BI12: 画面説明 （処理内容・アクション等）
BJ14: ・ | BK14: 支給日は直近の給与計算の対象となる給与支給日を初期値とする。 | CT14: 2025年度改修_項番8
BJ16: ・ | BK16: ステータスは『承認待ち・差戻等」を初期値とする。
BJ17: ・ | BK17: 画面を表示したと同時に、ステータスを条件にして、 | CT17: 2025/7/25 追加
BK18: 検索処理を実行する。
BJ19: ・ | BK19: ログインした担当者が承認対象になっている勤務データのみを表示する。
BL20: ※担当者は勤務承認テーブルの雇用部課、承認権限とログインした
BL21: 担当者が持つ雇用部課、承認権限が一致している勤務データを表示
BJ23: ・ | BK23: 検索結果の行は500行を最大とし、501行目以降はページング機能を
BK24: 使用して表示する行を切り替える。
BJ26: ・ | BK26: 選択ボタンを押下すると、勤務入力画面を表示する。
BJ28: ・ | BK28: 承認ボタンを押下すると、承認にチェックが入っている勤務データを
BK29: 承認し、次の承認者へ承認申請を行う。
BK30: ※ステータスが差戻の勤務データを含み、一括承認する場合、
BL31: 差戻を含んでいる旨の確認メッセージを表示すること。
BJ33: ・ | BK33: 勤務ＤＬボタンを押下すると、画面に表示されている全結果を
BK34: ＥＸＣＥＬダウンロードする。
BJ35: ・ | BK35: 承認ＵＬボタンを押下すると、勤務データＵＬ画面を表示する。
A38: リストボックス | BI38: 権限による画面制御
A39: 項目名 | K39: 内容 | AW39: 並び順
A40: 支給日（年） | K40: 給与支給マスタの給与支給日の年 | AW40: 降順
A41: 支給日（月日） | K41: 支給日（年）に一致する給与支給日マスタの給与支給日の月日 | AW41: 降順
A42: ステータス | K42: ステータス（※選択肢に「承認待ち・差戻等」を追加し、先頭に表示する）[C00021] | AW42: 昇順
A43: 職種 | K43: 職種 | AW43: 昇順 | BI43: 一覧の並び順
A44: 雇用部課 | K44: 雇用部課 | AW44: 昇順
BJ45: ステータス（昇順）→ 学生ＩＤ[非表示]（昇順）→ 勤務日（昇順）
BJ46: → 勤務時間（昇順）
A48: 画 面 補 足 説 明
B50: ○入力項目（検索条件） | AY50: ○リストボックス（続き）
B51: 項目名 | P51: 入力必須 | U51: 桁数 | X51: 入力制限等 | BA51: 【雇用部課】
B52: 支給日（年） | P52: △ | U52: － | X52: リストボックス | BB52: 雇用部課 | BW52: ▼ | CT52: 2025年度改修_項番8
B53: 支給日（月） | P53: △ | U53: － | X53: リストボックス | BJ53: 101：法人事務室 | CT53: 2025年度改修_項番8
B54: ステータス | P54: × | U54: － | X54: リストボックス | BJ54: 102：監査室
B55: 職種 | P55: × | U55: － | X55: リストボックス | BJ55: 103：募金課
B56: 雇用部課 | P56: × | U56: － | X56: リストボックス | BJ56: 104：150周年記念事務室
B57: ※ステータスが『承認待ち・差戻等』以外で支給日（年・月）が空白の場合、エラーメッセージを表示する。 | BK57: ・ | CT57: 2025年度改修_項番8
C58: エラーメッセージ：ステータスが承認待ち・差戻等以外の場合は支給日を入力してください。 | BK58: ・
B60: ○リストボックス | AY60: 〇行の背景色
C61: 【支給日】 | AZ61: 勤務入力のステータスが「承認待ち」・「再承認待ち」・「差戻」以外の場合、
D62: 支給日 | T62: ▼ | AD62: ▼ | AZ62: 行の背景色を薄い灰色に設定する。
L63: 2023 | V63: 9/23
L64: 2022 | V64: 8/23 | AZ64: 【ステータスが「差戻」「承認待ち」「再承認待ち」】
L65: 2021 | V65: 7/23 | BA65: 選択 | BD65: 承認 | BG65: 学生 | BS65: 勤務日 | CH65: ステータス
C67: 支給日（年）の選択結果に連動して、支給日（月）のリストボックスを変動させる。 | BA67: > | BG67: 同志社 太郎 | BS67: 45215 | CH67: 差戻
C68: 支給日（年）を未選択にすると、支給日（月）はクリアする。 | BA68: > | BG68: 同志社 次郎 | BS68: 45217 | CH68: 承認待ち
AZ70: 【ステータスが「承認済み」「修正依頼中」】
C71: 【ステータス】 | BA71: 選択 | BD71: 承認 | BG71: 学生 | BS71: 勤務日 | CH71: ステータス
D72: ステータス | AD72: ▼
BA73: > | BG73: 同志社 太郎 | BS73: 45215 | CH73: 承認済み
M74: 承認待ち・差戻等 | AD74: ※差戻：上位承認者から差戻を受けた | BA74: > | BG74: 同志社 次郎 | BS74: 45217 | CH74: 承認済み
M75: 修正依頼中 | AD75: ※下位承認者または学生へ差戻した
M76: 承認済
AY77: 〇 | AZ77: 一括承認時のワーニングメッセージ
C78: 【職種】 | AZ78: ワーニング条件 | BU78: ワーニングメッセージ
D79: 職種 | Y79: ▼ | AZ79: 一括承認する勤務データの中に差戻された勤務データを含む場合 | BU79: 差戻を含む勤務を一括承認しようとしています。よろしいですか？
L80: TA
L81: SA
L82: RA | AY82: 〇 | AZ82: エラーメッセージ
L83: LA | AZ83: エラー条件 | BU83: エラーメッセージ
L84: 留学生チューター | AZ84: 勤務日＜給与改定日 ※給与改定日は画面の支給日より雇用年度を取得し、給与支給日マスタの雇用年度と一致する中で一番後の有効な給与改定日とする | BU84: 本給（時間給）改定より前の勤務は承認または差戻はできません。給与厚生課に連絡の上、適切な給与支給手続きを行ってください。行={0}、学生名={1}、勤務日={2}、勤務時間={3}
L85: 研究活動等支援員
L86: 一般
AZ88: ※一括承認時のエラーが複数発生した場合にメッセージエリアに全てを表示することができません。
AZ89: 一括承認時のエラーを参考に学生IDと勤務日より対象の勤務情報を除外し、承認UL機能を使用して、
AZ90: 一括登録してください。
A91: 画 面 補 足 説 明
B93: ○出力項目
B94: 項目名 | K94: 編集内容等 | AY94: 〇選択ボタン
B95: 承認 | K95: ステータスが承認待ち、再承認待ち、差戻の行のみ、チェックボックスを表示する | AY95: ステータスによって、勤務入力画面の表示内容を制御する。
AZ96: ステータス：承認済み、修正依頼中
B97: 学生ID | K97: 学生ID（社員ID） | CT97: 2025年度改修_項番4
B98: 学生 | K98: 学生氏名
B99: 勤務日 | K99: MM/dd(aaa)
B100: 勤務時間 (控除時間(分)) | K100: hh:mm ～hh:mm (m) 勤務開始時刻～勤務終了時刻（勤務控除時間(分)）
B102: 勤務内容 | K102: 勤務内容 | CT102: 2025年度改修_項番4
B103: 校地移動 | K103: する or しない
B104: ステータス
B105: 雇用情報※1 | K105: 職種毎に表示する情報が変動します 詳細は※1参照
B107: 担当教員 | K107: 雇用情報の担当教員コード/担当教員氏名
B108: 最終更新者 | K108: 更新者氏名 | CT108: 2025年度改修_項番4
B109: 最終更新日時 | K109: yyyy/M/d(aaa) hh:mm | CT109: 2025年度改修_項番4
B111: ※1 | D111: 雇用情報について
C112: 職種 | F112: 雇用情報1 | L112: 雇用情報2 | R112: 雇用情報3 | X112: 雇用情報4 | AD112: 雇用情報5
C113: TA | F113: 職種 | L113: 曜日講時 | R113: 科目 | X113: クラスコード | AD113: 指導教員名
C114: SA | F114: 職種 | L114: 曜日講時 | R114: 科目 | X114: クラスコード | AD114: 指導教員名
C115: RA | F115: 職種 | L115: 雇用部課名 | R115: 指導教員名 | CT115: 2025年度改修_項番7
C116: LA | F116: 職種 | L116: 雇用部課名
C117: IS | F117: 職種 | L117: 指導教員名
C118: RS | F118: 職種 | L118: 指導教員名
C119: PJ | F119: 職種 | L119: 雇用部課名 | R119: 業務内容等
A134: 画 面 補 足 説 明
B136: 〇選択ボタン（続き）
C138: ステータス：承認待ち・再承認待ち・差戻
D162: ※勤務入力の修正・差戻ボタン押下時の制御は「GA-010：勤務入力」の設計書を参照。
...

Sheet 勤務データ照会（管理者、担当者）
A1: システム名 | I1: =タイトル!I40 -> 学生勤務管理システム | AE1: 工 程 | AL1: 機能設計 | BI1: 作 成 | BM1: =タイトル!I46 -> 木田 優 | BW1: =タイトル!I47 -> 45203 | CF1: 管理記号 | CK1: =タイトル!I50 -> DUC010
A2: サブシステム名 | I2: 共通機能 | AE2: ドキュメント | AL2: =タイトル!I44 -> CK-010_勤務データ承認(照会) | BI2: 改 訂 | BM2: 木田 優 | BW2: 45818
A4: 画面名称 | I4: =" " & RIGHT(CELL("filename",A1),LEN(CELL("filename",A1))-FIND("]",CELL("filename",A1))) -> 勤務データ照会（管理者、担当者） | AL4: 画面ＩＤ | AS4: CK-010-01G | BI4: 利用想定ユーザー | BT4: 管理者、担当者
A5: 画面レイアウト | BI5: 機能概要
B6: 担当者
BJ7: ・ | BK7: 登録されている勤務データを照会する時に使用する。
BJ8: ・ | BK8: 勤務データのダウンロードを行う時に使用する。
BI12: 画面説明 （処理内容・アクション等）
BJ14: ・ | BK14: 支給日は直近の給与計算の対象となる給与支給日を初期値とする。 | CT14: 2025年度改修_項番8
BJ16: ・ | BK16: ステータスは『承認待ち・差戻等」を初期値とする。
AX18: 管理者 | BJ18: ・ | BK18: 画面を表示したと同時に、支給日とステータスを条件にして、 | CT18: 2025年度改修_項番8
BK19: 検索処理を実行する。 | CT19: 2025/7/25 追加
BJ21: ・ | BK21: 検索結果の行は500行を最大とし、501行目以降はページング機能を
BK22: 使用して表示する行を切り替える。
BJ24: ・ | BK24: 選択ボタンを押下すると、勤務入力画面を表示する。
BJ26: ・ | BK26: 勤務ＤＬボタンを押下すると、画面に表示されている全結果を
BK27: ＥＸＣＥＬダウンロードする。
BJ29: ・ | BK29: 担当者の場合、担当者の雇用部課を初期表示し、雇用部課は非活性とする。
BJ30: ※ | BK30: 担当者の承認権限が4:留学生課担当者,5:留学生課事務長,6:国際センター所長
BK31: の場合、且つ、職種を05：留学生チューターにした場合のみ、雇用部課は
BK32: 活性化し、変更可能とする。
A38: リストボックス | BI38: 権限による画面制御
A39: 項目名 | K39: 内容 | AW39: 並び順
A40: 支給日（年） | K40: 給与支給マスタの給与支給日の年 | AW40: 降順
A41: 支給日（月日） | K41: 支給日（年）に一致する給与支給日マスタの給与支給日の月日 | AW41: 降順
A42: ステータス | K42: ステータス（※選択肢に「承認待ち・差戻等」を追加し、先頭に表示する）[C00021] | AW42: 昇順
A43: 職種 | K43: 職種 | AW43: 昇順 | BI43: 一覧の並び順
A44: 雇用部課 | K44: 雇用部課 | AW44: 昇順
BJ45: ステータス（昇順）→ 雇用部課コード（昇順）
BJ46: → 学生ＩＤ[非表示]（昇順）→ 勤務日（昇順）→ 勤務時間（昇順）
A48: 画 面 補 足 説 明
B50: ○入力項目（検索条件） | AY50: ○リストボックス（続き）
B51: 項目名 | P51: 入力必須 | U51: 桁数 | X51: 入力制限等 | AY51: 【職種】
B52: 支給日（年） | P52: △ | U52: － | X52: リストボックス | AZ52: 職種 | BU52: ▼ | CT52: 2025年度改修_項番8
B53: 支給日（月） | P53: △ | U53: － | X53: リストボックス | BH53: TA | CT53: 2025年度改修_項番8
B54: ステータス | P54: × | U54: － | X54: リストボックス | BH54: SA
B55: 職種 | P55: × | U55: － | X55: リストボックス | BH55: RA
B56: 雇用部課 | P56: × | U56: － | X56: リストボックス | BH56: LA
B57: ※ステータスが『承認待ち・差戻等』以外で支給日（年・月）が空白の場合、エラーメッセージを表示する。 | BH57: 留学生チューター | CT57: 2025年度改修_項番8
C58: エラーメッセージ：ステータスが承認待ち・差戻等以外の場合は支給日を入力してください。 | BH58: 研究活動等支援員
BH59: 一般
B60: ○リストボックス | AY60: 【雇用部課】
C61: 【支給日】 | AZ61: 雇用部課 | BU61: ▼
D62: 支給日 | T62: ▼ | AD62: ▼ | BH62: 101：法人事務室
L63: 2023 | V63: 9/23 | BH63: 102：監査室
L64: 2022 | V64: 8/23 | BH64: 103：募金課
L65: 2021 | V65: 7/23 | BH65: 104：150周年記念事務室
BI66: ・
C67: 支給日（年）の選択結果に連動して、支給日（月）のリストボックスを変動させる。 | BI67: ・
C68: 支給日（年）を未選択にすると、支給日（月）はクリアする。 | BI68: ・
C71: 【ステータス】
D72: ステータス | AD72: ▼
M74: 承認待ち・差戻等 | AD74: ※差戻：上位承認者から差戻を受けた | AY74: 〇行の背景色
M75: 承認済 | AZ75: 勤務入力のステータスが「承認待ち」・「差戻」以外の場合、
AZ76: 行の背景色を薄い灰色に設定する。
AZ78: 【ステータスが「差戻」「承認待ち」】
BA79: 選択 | BD79: 学生 | BP79: 勤務日 | CE79: ステータス
BA81: > | BD81: 同志社 太郎 | BP81: 45215 | CE81: 差戻
BA82: > | BD82: 同志社 次郎 | BP82: 45217 | CE82: 承認待ち
AZ84: 【ステータスが承認済み】
BA85: 選択 | BD85: 学生 | BP85: 勤務日 | CE85: ステータス
BA87: > | BD87: 同志社 太郎 | BP87: 45215 | CE87: 承認済
BA88: > | BD88: 同志社 次郎 | BP88: 45217 | CE88: 承認済
A91: 画 面 補 足 説 明
B93: ○出力項目
B94: 項目名 | L94: 編集内容等 | AY94: 〇勤務ＤＬ
B95: 雇用部課 | L95: 雇用部課名称 | AZ95: 勤務データのダウンロードフォーマットは「勤務データＵＬ」の画面補足説明を参照。
B96: 学生ID | L96: 学生ID（社員ID） | CT96: 2025年度改修_項番4
B97: 学生 | L97: 学生氏名
B98: 勤務日 | L98: MM/dd(aaa) | AY98: 〇選択ボタン
B99: 勤務時間 (控除時間(分)) | L99: hh:mm ～hh:mm (m) 勤務開始時刻～勤務終了時刻（勤務控除時間(分)） | AY99: 勤務入力画面を照会モードで表示する。
B101: 校地移動 | L101: する or しない
B102: ステータス | L102: 最終ステータス
B103: 雇用情報※1 | L103: 職種毎に表示する情報が変動します 詳細は※1参照
B105: 勤務承認日時 | L105: yyyy/M/d(aaa) hh:mm | CT105: 2025年度改修_項番4
B106: 勤務情報最終更新日※2 | L106: yyyy/m/d | CT106: 2025年度改修_項番6、2025年度保守_項番51
B107: 次回承認者 | L107: 次の承認権限名称 [C00018]
B109: ※1 | D109: 雇用情報について
C110: 職種 | F110: 雇用情報1 | L110: 雇用情報2 | R110: 雇用情報3 | X110: 雇用情報4 | AD110: 雇用情報5
C111: TA | F111: 職種 | L111: 曜日講時 | R111: 科目 | X111: クラスコード | AD111: 指導教員名
C112: SA | F112: 職種 | L112: 曜日講時 | R112: 科目 | X112: クラスコード | AD112: 指導教員名
C113: RA | F113: 職種 | L113: 雇用部課名 | R113: 指導教員名 | CT113: 2025年度改修_項番7
C114: LA | F114: 職種 | L114: 雇用部課名
C115: IS | F115: 職種 | L115: 指導教員名
C116: RS | F116: 職種 | L116: 指導教員名
C117: PJ | F117: 職種 | L117: 雇用部課名 | R117: 業務内容等
B119: ※2 | D119: 勤務情報の最終更新日が更新されるタイミングについて | CT119: 2025年度保守_項番51
D120: ①最終承認者が承認した場合
D121: ②学生に差戻され、学生が再登録した場合
D122: ③教員や担当者が勤務情報を修正した場合
D123: ④給与計算処理された場合
D124: ⑤給与計算時に最終承認まで承認されておらず、翌月に給与支給日を更新した場合

Sheet ステータスの流れ
A1: パータン① ・・・通常
B3: 最終ステータス | H3: 最終ステータス | M3: ユーザが行った操作
B4: 承認待ち | H4: 承認済
A5: 学生 | M5: プログラムが自動設定する処理
C6: 申請
A7: 教員（承認階層１） | L7: ステータス
L8: ｘｘｘｘ | M8: 勤務承認テーブルのステータスの状態
B9: ステータス | D9: ステータス
B10: 承認待ち | D10: 承認済 | L10: 最終ステータス
B11: 承認枝番：1 | C11: 承認 | D11: 承認枝番：1 | L11: ｘｘｘｘ | M11: 勤務情報テーブルの最終ステータスの状態
A13: 担当者（承認階層2）
D15: ステータス | F15: ステータス
D16: 承認待ち | E16: 承認 | F16: 承認済
D17: 承認枝番：1 | F17: 承認枝番：1
A19: 最終承認者（承認階層3）
F21: ステータス | H21: ステータス
F22: 承認待ち | H22: 承認済
F23: 承認枝番：1 | G23: 承認 | H23: 承認枝番：1
A25: パータン② ・・・１つ前の承認者に差し戻す
B27: 最終ステータス | P27: 最終ステータス
B28: 承認待ち | P28: 承認済
A29: 学生
C30: 申請
A31: 教員（承認階層１）
B33: ステータス | D33: ステータス | J33: ステータス | K33: 承認 | L33: ステータス
B34: 承認待ち | D34: 承認済 | J34: 差戻 | L34: 承認済
B35: 承認枝番：1 | C35: 承認 | D35: 承認枝番：1 | J35: 承認枝番：3 | L35: 承認枝番：3
A37: 担当者（承認階層2）
D39: ステータス | F39: ステータス | H39: ステータス | I39: 差戻 | J39: ステータス | L39: ステータス | N39: ステータス
D40: 承認待ち | F40: 承認済 | H40: 差戻 | J40: 修正依頼中 | L40: 再承認待ち | N40: 承認済
D41: 承認枝番：1 | E41: 承認 | F41: 承認枝番：1 | H41: 承認枝番：2 | J41: 承認枝番：2 | L41: 承認枝番：3 | M41: 承認 | N41: 承認枝番：3
A43: 最終承認者（承認階層3）
F45: ステータス | H45: ステータス | N45: ステータス | P45: ステータス
F46: 承認待ち | G46: 差戻 | H46: 修正依頼中 | N46: 再承認待ち | P46: 承認済
F47: 承認枝番：1 | H47: 承認枝番：1 | N47: 承認枝番：3 | O47: 承認 | P47: 承認枝番：3
A51: パータン③・・・学生の差し戻す
B53: 最終ステータス | H53: 最終ステータス | J53: 最終ステータス | P53: 最終ステータス
B54: 承認待ち | H54: 差戻 | J54: 再承認待ち | P54: 承認済
A55: 学生
C56: 申請 | K56: 再申請
A57: 教員（承認階層１）
B59: ステータス | D59: ステータス | J59: ステータス | L59: ステータス
B60: 承認待ち | D60: 承認済 | J60: 再承認待ち | L60: 承認済
B61: 承認枝番：1 | C61: 承認 | D61: 承認枝番：1 | J61: 承認枝番：2 | K61: 承認 | L61: 承認枝番：2
A63: 担当者（承認階層2）
D65: ステータス | F65: ステータス | L65: ステータス | N65: ステータス
D66: 承認待ち | E66: 承認 | F66: 承認済 | L66: 再承認待ち | M66: 承認 | N66: 承認済
D67: 承認枝番：1 | F67: 承認枝番：1 | L67: 承認枝番：2 | N67: 承認枝番：2
A69: 最終承認者（承認階層3）
F71: ステータス | H71: ステータス | N71: ステータス | P71: ステータス
F72: 承認待ち | H72: 修正依頼中 | N72: 再承認待ち | P72: 承認済
F73: 承認枝番：1 | G73: 差戻 | H73: 承認枝番：1 | N73: 承認枝番：2 | O73: 承認 | P73: 承認枝番：2
A78: パータン② ・・・承認待ちと再承認待ちが混在
B80: 最終ステータス | L80: 最終ステータス | N80: 最終ステータス | V80: 最終ステータス
B81: 承認待ち | L81: 差戻 | N81: 再承認待ち | V81: 承認済
A82: 学生
C83: 申請 | O83: 再申請
A84: 教員（承認階層１）
B86: ステータス | D86: ステータス | F86: ステータス | G86: 承認 | H86: ステータス | N86: ステータス | P86: ステータス
B87: 承認待ち | D87: 承認済 | F87: 差戻 | H87: 承認済 | N87: 再承認待ち | P87: 承認済
B88: 承認枝番：1 | C88: 承認 | D88: 承認枝番：1 | F88: 承認枝番：2 | H88: 承認枝番：2 | N88: 承認枝番：3 | O88: 承認 | P88: 承認枝番：3
A90: 担当者（承認階層2）
F91: 差戻
D92: ステータス | F92: ステータス | H92: ステータス | J92: ステータス | P92: ステータス | R92: ステータス
D93: 承認待ち | E93: 差戻 | F93: 修正依頼中 | H93: 再承認待ち | J93: 承認済 | P93: 再承認待ち | Q93: 承認 | R93: 承認済
D94: 承認枝番：1 | F94: 承認枝番：1 | H94: 承認枝番：2 | I94: 承認 | J94: 承認枝番：2 | P94: 承認枝番：3 | R94: 承認枝番：3
A96: 担当者（承認階層3）
L97: 差戻
J98: ステータス | L98: ステータス | R98: ステータス | T98: ステータス
J99: 承認待ち | L99: 修正依頼中 | R99: 再承認待ち | T99: 承認済
J100: 承認枝番：2 | K100: 差戻 | L100: 承認枝番：2 | R100: 承認枝番：3 | S100: 承認 | T100: 承認枝番：3
A102: 最終承認者（承認階層4）
T104: ステータス | V104: ステータス
T105: 承認待ち | V105: 承認済
T106: 承認枝番：3 | U106: 承認 | V106: 承認枝番：3

Sheet 勤務データＵＬ
A1: システム名 | I1: =タイトル!I40 -> 学生勤務管理システム | AE1: 工 程 | AL1: 機能設計 | BI1: 作 成 | BM1: =タイトル!I46 -> 木田 優 | BW1: =タイトル!I47 -> 45203 | CF1: 管理記号 | CK1: =タイトル!I50 -> DUC010
A2: サブシステム名 | I2: 共通機能 | AE2: ドキュメント | AL2: =タイトル!I44 -> CK-010_勤務データ承認(照会) | BI2: 改 訂 | BM2: 木田 優 | BW2: 45818
A4: 画面名称 | I4: =" " & RIGHT(CELL("filename",A1),LEN(CELL("filename",A1))-FIND("]",CELL("filename",A1))) -> 勤務データＵＬ | AL4: 画面ＩＤ | AS4: CK-010-02G | BI4: 利用想定ユーザー | BT4: 担当者・教員
A5: 画面レイアウト | BI5: 機能概要
BJ7: ・ | BK7: 勤務データをアップロードし、一括承認を行う時に使用する。
BI12: 画面説明 （処理内容・アクション等）
BJ14: ・ | BK14: 取込ファイルはファイルを取込んだ後に取り込んだファイル名を表示する。
BJ16: ・ | BK16: 実行結果には取込に成功し登録した件数を表示する。
BL17: 承認件数
BJ19: ・ | BK19: アップロードボタンを押下すると、指定されたファイルを取り込む。
BK20: ※取り込む際にバリデーションチェックを行い、エラーがあれば
BL21: 取り込みを中止する。
BK22: ※取り込むデータの元ステータスが差戻で、更新ステータスを１（承認）
BL23: にしている場合は、差戻を含んでいる旨の確認メッセージを
BK24: 表示すること。
A38: リストボックス | BI38: 権限による画面制御
A39: 項目名 | K39: 内容 | AW39: 並び順
BI43: 一覧の並び順
A48: 画 面 補 足 説 明
B50: ○勤務データフォーマット | BH50: 〇エラー時
C51: No. | E51: 項目名 | S51: 備考 | AQ51: ユーザ区分 | BI51: 取込するファイルに問題があり、取込失敗した場合はエラー内容を表示する。
AQ52: 2:教員 | AU52: 3:担当者 | AY52: 3:担当者 | BC52: 4:管理者
AQ53: 勤務データ承認 | AY53: 勤務データ照会
C54: 1 | E54: 更新ステータス※1 | S54: 1：承認、2：修正、3：差戻 ※デフォルトは１ | AQ54: 〇 | AU54: 〇 | AY54: 空白 | BC54: 空白
C55: 2 | E55: 勤務番号 | S55: 変更不可項目 ※勤務データのレコードキー項目 | AQ55: 〇 | AU55: 〇 | AY55: 〇 | BC55: 〇
C56: 3 | E56: 承認階層 | S56: 変更不可項目 ※勤務データのレコードキー項目 | AQ56: 〇 | AU56: 〇 | AY56: 〇 | BC56: 〇
C57: 4 | E57: 承認枝番 | S57: 変更不可項目 ※勤務データのレコードキー項目 | AQ57: 〇 | AU57: 〇 | AY57: 〇 | BC57: 〇
C58: 5 | E58: 勤務日 | S58: 変更不可項目 | AQ58: 〇 | AU58: 〇 | AY58: 〇 | BC58: 〇
C59: 6 | E59: 雇用情報 | S59: 変更不可項目 | AQ59: 〇 | AU59: 〇 | AY59: 〇 | BC59: 〇
C60: 7 | E60: 業務コード | S60: 変更不可項目 | AQ60: 空白 | AU60: 空白 | AY60: 〇 | BC60: 〇 | CT60: 2025年度改修_項番9
C61: 8 | E61: 業務コード名称 | S61: 変更不可項目 | AQ61: 空白 | AU61: 空白 | AY61: 〇 | BC61: 〇 | CT61: 2025年度改修_項番9
C62: 9 | E62: 予算コード | S62: 変更不可項目 | AQ62: 空白 | AU62: 空白 | AY62: 〇 | BC62: 〇 | CT62: 2025年度改修_項番9
C63: 10 | E63: 予算コード名称 | S63: 変更不可項目 | AQ63: 空白 | AU63: 空白 | AY63: 〇 | BC63: 〇 | CT63: 2025年度改修_項番9
C64: 11 | E64: 配分先コード | S64: 変更不可項目 | AQ64: 空白 | AU64: 空白 | AY64: 〇 | BC64: 〇 | CT64: 2025年度改修_項番9
C65: 12 | E65: 配分先コード名称 | S65: 変更不可項目 | AQ65: 空白 | AU65: 空白 | AY65: 〇 | BC65: 〇 | CT65: 2025年度改修_項番9
C66: 13 | E66: 雇用部課 | S66: 変更不可項目 | AQ66: 〇 | AU66: 〇 | AY66: 〇 | BC66: 〇
C67: 14 | E67: 学生ＩＤ | S67: 変更不可項目 | AQ67: 〇 | AU67: 〇 | AY67: 〇 | BC67: 〇 | BI67: 取込みしたデータに不備があり、取込失敗した場合はエラー内容画面ボタンを
C68: 15 | E68: 学生氏名 | S68: 変更不可項目 | AQ68: 〇 | AU68: 〇 | AY68: 〇 | BC68: 〇 | BI68: 表示し、エラー内容ボタン押下でエラー詳細を表示する。
C69: 16 | E69: 複数身分ＩＤ | S69: 変更不可項目 | AQ69: 〇 | AU69: 〇 | AY69: 〇 | BC69: 〇
C70: 17 | E70: ステータス※2 | S70: 変更不可項目 ※取込み前のステータス名 | AQ70: 〇 | AU70: 〇 | AY70: 〇 | BC70: 〇
C71: 18 | E71: 開始時刻 | S71: hhmm | AQ71: 〇 | AU71: 〇 | AY71: 〇 | BC71: 〇
C72: 19 | E72: 終了時刻 | S72: hhmm | AQ72: 〇 | AU72: 〇 | AY72: 〇 | BC72: 〇
C73: 20 | E73: 控除時間 | S73: hhmm | AQ73: 〇 | AU73: 〇 | AY73: 〇 | BC73: 〇
C74: 21 | E74: 勤務内容 | AQ74: 〇 | AU74: 〇 | AY74: 〇 | BC74: 〇
C75: 22 | E75: 校地移動 | S75: 1：する、0：しない | AQ75: 〇 | AU75: 〇 | AY75: 〇 | BC75: 〇
C76: 23 | E76: 修正/差戻理由 | AQ76: 〇 | AU76: 〇 | AY76: 〇 | BC76: 〇
C77: 24 | E77: 担当教員 | S77: 変更不可項目 | AQ77: 〇 | AU77: 〇 | AY77: 〇 | BC77: 〇
C78: 25 | E78: 最終更新者※3 | S78: 変更不可項目 | AQ78: 〇 | AU78: 〇 | AY78: 空白 | BC78: 空白
C79: 26 | E79: 最終更新日時※3 | S79: 変更不可項目 yyyyy/m/d(aaa) hh:mm | AQ79: 〇 | AU79: 〇 | AY79: 空白 | BC79: 空白
C80: 27 | E80: 勤務承認日時 | S80: 変更不可項目 yyyyy/m/d(aaa) hh:mm | AQ80: 〇 | AU80: 〇 | AY80: 〇 | BC80: 〇
C81: 28 | E81: 次回承認者※4 | S81: 変更不可項目 | AQ81: 空白 | AU81: 空白 | AY81: 〇 | BC81: 〇
C82: 29 | E82: 勤務情報更新日時※3 | S82: 更新処理に必要な更新日時 | AQ82: 〇 | AU82: 〇 | AY82: 空白 | BC82: 空白
C83: 30 | E83: 勤務承認更新日時※3 | S83: 更新処理に必要な更新日時 | AQ83: 〇 | AU83: 〇 | AY83: 空白 | BC83: 空白
C84: 31 | E84: 給与計算※4 | S84: 変更不可項目 給与計算処理実施日 yyyy/m/d | AQ84: 空白 | AU84: 空白 | AY84: 〇 | BC84: 〇
C85: 32 | E85: 勤務情報最終更新日※4 | S85: 変更不可項目 yyyy/m/d | AQ85: 空白 | AU85: 空白 | AY85: 〇 | BC85: 〇 | BH85: ※3 勤務データ照会画面から出力した場合は最終更新者、最終更新日時、 | CT85: 2025年度改修_項番6、2025年度保守_項番51
BI86: 勤務情報更新日時、勤務承認更新日時はブランクとする。
C87: ※1 承認できるレコードのみ、１（承認）を設定し、承認できないレコードは空白にする。 | BH87: ※4 勤務データ照会画面から出力した場合のみ、次回承認者と給与計算と | CT87: 2025年度改修_項番6、2025年度保守_項番51
F88: (想定されるケース：既に承認済みの勤務データをダウンロードした場合など) | BI88: 勤務情報最終更新日を出力する。 担当者、教員の場合は、ブランクとする。
C89: ※2 勤務データ照会画面から出力するステータスは最終ステータスを表示する。
A91: 画 面 補 足 説 明
B93: 〇エラーメッセージ
C94: エラー条件 | X94: エラーメッセージ
C95: 登録されている更新日時と取り込む勤務データの更新日時が異なる場合 | X95: {1}が登録されている値と異なっています。行={0}
C97: 同じ勤務番号のレコードが複数存在する場合 | X97: キー項目が同じデータが存在します。行={0} キー項目=勤務番号
C99: ユーザ区分が担当者、且つ、勤務日＜給与改定日 ※給与改定日は画面の支給日より雇用年度を取得し、給与支給日マスタの雇用年度と一致する中で一番後の有効な給与改定日とする | X99: 本給（時間給）改定より前の勤務は登録できません。雇用部課（学部事務室等）に連絡してください。行={0}、学生名={1}、勤務日={2}、勤務時間={3}
B105: 〇ワーニングメッセージ
C106: ワーニング条件 | X106: ワーニングメッセージ
C107: 差戻された勤務を承認しようとした場合 | X107: 差戻された勤務データを承認します。行={0}
C109: 差戻された複数の勤務を承認しようとした場合 | X109: 差戻を含む勤務を一括承認しようとしています。よろしいですか？
