Workbook

Sheet タイトル
G11: =I40 -> 学生勤務管理システム
G14: =I44 -> CK-030_兼任・代理承認
G17: =I42
G20: =I51 -> 【 Ver 1.05 】
J27: =TEXT(I47,"yyyy年")&IF(LEFT(TEXT(I47,"mm"),1)="0"," ","")&TEXT(I47,"m月")&IF(LEFT(TEXT(I47,"dd"),1)="0"," ","")&TEXT(I47,"d日")&"作成" -> 2023年10月 5日作成
J29: =IF(I49=" ※ページ毎に個別入力"," 年 月 日改訂",TEXT(I49,"yyyy年")&IF(LEFT(TEXT(I49,"mm"),1)="0"," ","")&TEXT(I49,"m月")&IF(LEFT(TEXT(I49,"dd"),1)="0"," ","")&TEXT(I49,"d日")&"改訂") -> 2024年 1月24日改訂
B38: 見出し部タイトル制御テーブル
B39: タイトル項目 | I39: タイトル項目埋め込み内容
B40: ①システム名 | I40: 学生勤務管理システム
B41: ②サブシステム名 | I41: 共通機能
B42: ③分類名
B43: ④作業工程名 | I43: 機能設計
B44: ⑤ドキュメント代表名 | I44: CK-030_兼任・代理承認
B45: ⑥ドキュメント詳細名 | I45: ※ページ毎に個別入力
B46: ⑦作成者 | I46: 木田 優
B47: ⑧作成日 | I47: 45204
B48: ⑦改定者 | I48: ※ページ毎に個別入力
B49: ⑧改定日 | I49: =TEXT(MAX(改訂履歴!J5:J996),"yyyy/mm/dd") -> 2024/01/24
B50: ⑨管理記号 | I50: DUC010
B51: ⑩Ｖｅｒ | I51: ="【 Ver " & TEXT(MAX(改訂履歴!E5:E996),"0.00") & " 】" -> 【 Ver 1.05 】

Sheet 改訂履歴
A1: 改訂履歴
A3: No | E3: Ver | J3: 新規／改訂日 | R3: 区分 | W3: 改訂箇所 | AH3: 改訂理由 | BR3: 新規／改訂者
W4: 頁 | AA4: 機能
A5: 1 | E5: 1 | J5: =タイトル!I47 -> 45204 | R5: 新規 | AH5: 新規作成 | BR5: 木田 優
A6: 2 | E6: 1.01 | J6: 45223 | R6: 変更 | AH6: 代理承認できる社員を予めリストボックスで表示するように変更 | BR6: 木田 優
A7: 3 | E7: 1.02 | J7: 45239 | R7: 変更 | AH7: 勤務申請状況件数の取得内容を変更 | BR7: 木田 優
A8: 4 | E8: 1.03 | J8: 45261 | R8: 変更 | AH8: 代理承認ログインを兼任・代理承認に変更 | BR8: 木田 優
A9: 5 | E9: 1.04 | J9: 45267 | R9: 変更 | AH9: 兼任・代理承認中の状態を画面に表示するように変更 | BR9: 木田 優
A10: 6 | E10: 1.05 | J10: 45315 | R10: 変更 | AA10: 画面遷移図 | AH10: 戻るボタンを廃止 | BR10: 木田 優

Sheet 機能概要・画面遷移図
A1: システム名 | I1: =タイトル!I40 -> 学生勤務管理システム | AE1: 工 程 | AL1: =タイトル!I43 -> 機能設計 | BI1: 作 成 | BM1: =タイトル!I46 -> 木田 優 | BW1: =タイトル!I47 -> 45204 | CF1: 管理記号
A2: サブシステム名 | I2: =タイトル!I41 -> 共通機能 | AE2: ドキュメント | AL2: =タイトル!I44 -> CK-030_兼任・代理承認 | BI2: 改 訂 | BM2: 木田 優 | BW2: 45315
A4: 機能名称 | I4: =" " & RIGHT(タイトル!I44,LEN(タイトル!I44)-8) -> 兼任・代理承認 | AL4: 機能ＩＤ | AS4: =LEFT(タイトル!I44,7) -> CK-030 | BI4: 利用想定ユーザー | BT4: 管理者、担当者、教員
A5: 機 能 概 要
B7: 兼務者や代理者が勤務データの承認処理を行う時に使用する。
A10: 画 面 遷 移 図
C13: ○ホーム画面（教員） | AE13: ○兼任・代理承認画面
D14: （CC-020-01G） | AF14: （CK-030-01G）
V15: 兼任・代理承認 | AZ15: 兼任・代理承認へボタン
V16: ボタン
BA22: ○勤務データ承認(照会)
BB23: （CK-010-01G）
C31: ○ホーム画面（管理者、担当者） | AE31: ○兼任・代理承認画面
D32: （CC-020-01G） | V32: 兼任・代理承認 | AF32: （CK-030-01G）
V33: ボタン
AY35: 兼任・代理承認へボタン

Sheet 兼任・代理承認
A1: システム名 | I1: =タイトル!I40 -> 学生勤務管理システム | AE1: 工 程 | AL1: 機能設計 | BI1: 作 成 | BM1: =タイトル!I46 -> 木田 優 | BW1: =タイトル!I47 -> 45204 | CF1: 管理記号
A2: サブシステム名 | I2: 共通機能 | AE2: ドキュメント | AL2: =タイトル!I44 -> CK-030_兼任・代理承認 | BI2: 改 訂 | BM2: 木田 優 | BW2: 45261
A4: 画面名称 | I4: =" " & RIGHT(CELL("filename",A1),LEN(CELL("filename",A1))-FIND("]",CELL("filename",A1))) -> 兼任・代理承認 | AL4: 画面ＩＤ | AS4: CK-030-01G | BI4: 利用想定ユーザー | BT4: 管理者、担当者、教員
A5: 画面レイアウト | BI5: 機能概要
B7: （教員） | BJ7: ・ | BK7: 兼務者や代理者が勤務データの承認処理を行う時に使用する。
BI12: 画面説明 （処理内容・アクション等）
Z13: （管理者、担当者）
BJ14: ・ | BK14: 兼任・代理承認へボタンを押下すると、選択された社員の権限で
BK15: 勤務データ承認画面を表示する。
A38: リストボックス | BI38: 権限による画面制御
A39: 項目名 | K39: 内容 | AW39: 並び順
A40: 社員名 | K40: 兼任・代理承認者として許可されている社員名 | AW40: 昇順
BI43: 一覧の並び順
A48: 画 面 補 足 説 明
B50: 〇兼任・代理承認へボタンを押下すると、勤務データ承認画面を表示 | AX50: 〇勤務データ承認画面の選択ボタンを押下すると、勤務修正画面を表示
C77: ・ | D77: パンくずリストの下に ＜＜{兼任・代理承認中の社員名}の兼任・代理承認中＞＞ と表示する。 | AY77: ・ | AZ77: パンくずリストの下に ＜＜{兼任・代理承認中の社員名}の兼任・代理承認中＞＞ と表示する。
C78: ・ | D78: 兼任・代理承認で処理した際の更新者は処理した人の社員IDが登録されます。 | AY78: ・ | AZ78: 兼任・代理承認で処理した際の更新者は処理した人の社員IDが登録されます。
