Workbook

Sheet タイトル
G11: =I40 -> 学生勤務管理システム
G14: =I44 -> CK-020_給与計算処理
G17: =I42
G20: =I51 -> 【 Ver 1.20 】
J27: =TEXT(I47,"yyyy年")&IF(LEFT(TEXT(I47,"mm"),1)="0"," ","")&TEXT(I47,"m月")&IF(LEFT(TEXT(I47,"dd"),1)="0"," ","")&TEXT(I47,"d日")&"作成" -> 2023年10月 5日作成
J29: =IF(I49=" ※ページ毎に個別入力"," 年 月 日改訂",TEXT(I49,"yyyy年")&IF(LEFT(TEXT(I49,"mm"),1)="0"," ","")&TEXT(I49,"m月")&IF(LEFT(TEXT(I49,"dd"),1)="0"," ","")&TEXT(I49,"d日")&"改訂") -> 2025年 7月17日改訂
B38: 見出し部タイトル制御テーブル
B39: タイトル項目 | I39: タイトル項目埋め込み内容
B40: ①システム名 | I40: 学生勤務管理システム
B41: ②サブシステム名 | I41: 共通機能
B42: ③分類名
B43: ④作業工程名 | I43: 機能設計
B44: ⑤ドキュメント代表名 | I44: CK-020_給与計算処理
B45: ⑥ドキュメント詳細名 | I45: ※ページ毎に個別入力
B46: ⑦作成者 | I46: 木田 優
B47: ⑧作成日 | I47: 45204
B48: ⑦改定者 | I48: ※ページ毎に個別入力
B49: ⑧改定日 | I49: =TEXT(MAX(改訂履歴!J5:J992),"yyyy/mm/dd") -> 2025/07/17
B50: ⑨管理記号 | I50: DUC010
B51: ⑩Ｖｅｒ | I51: ="【 Ver " & TEXT(MAX(改訂履歴!E5:E992),"0.00") & " 】" -> 【 Ver 1.20 】

Sheet 改訂履歴
A1: 改訂履歴
A3: No | E3: Ver | J3: 新規／改訂日 | R3: 区分 | W3: 改訂箇所 | AH3: 改訂理由 | BR3: 新規／改訂者
W4: 頁 | AA4: 機能
A5: 1 | E5: 1 | J5: =タイトル!I47 -> 45204 | R5: 新規 | AH5: 新規作成 | BR5: 木田 優
A6: 2 | E6: 1.01 | J6: 45224 | R6: 変更 | AH6: タイトルの変更、ダウンロードするフォーマットの変更 | BR6: 木田 優
A7: 3 | E7: 1.02 | J7: 45239 | R7: 変更 | AH7: 二校地間移動回数表の追加と勤務時間アラートフォーマットの変更 | BR7: 木田 優
A8: 4 | E8: 1.03 | J8: 45259 | R8: 変更 | AH8: 勤務時間集計表出力時間の仕様変更 | BR8: 木田 優
A9: 5 | E9: 1.04 | J9: 45265 | R9: 変更 | AH9: 勤務入力時に給与支給日を登録する仕様を変更したため 勤務時間集計表の勤怠集計の仕様が件数になっていたので、時間合計に変更 | BR9: 木田 優
A10: 6 | E10: 1.05 | J10: 45267 | R10: 変更 | AH10: インタフェース定義資料変更に基づくフォーマット内容の変更反映 | BR10: 木田 優
A11: 7 | E11: 1.06 | J11: 45296 | R11: 変更 | AH11: 勤務時間アラートの1セメスターのアラート条件と職種の複数条件時の出力内容の情報を追記 | BR11: 木田 優
A12: 8 | E12: 1.07 | J12: 45315 | R12: 変更 | AA12: 画面遷移図 | AH12: 戻るボタンの廃止 | BR12: 木田 優
A13: 9 | J13: 45315 | R13: 変更 | AA13: 勤務データ仮集計 | AH13: 検索条件の変更 | BR13: 木田 優
A14: 10 | E14: 1.08 | J14: 45454 | R14: 変更 | AA14: 勤務データ仮集計 | AH14: ダウンロードファイル名の変更 （2024年度保守_項番24） | BR14: 木田 優
A15: 11 | E15: 1.09 | J15: 45485 | R15: 変更 | AA15: 給与計算処理 | AH15: 勤務情報集計表と勤務時間仮集計表の勤務時間の端数処理の補足説明を追記 | BR15: 木田 優
A16: 12 | E16: 1.1 | J16: 45510 | R16: 変更 | AA16: 給与計算処理 | AH16: 勤務時間アラートの留学生の週28時間チェックを28時間以上から28時間超に変更 | BR16: 木田 優
A17: 13 | E17: 1.2 | J17: 45855 | R17: 変更 | AA17: 給与計算処理 | AH17: 勤務時間アラートの職種合計の対象職種からSAを除外する 勤務時間アラートを担当者が出力する時、別雇用部課の勤務時間要因によるアラートは出力しない （2025年度改修_項番2） | BR17: 木田 優

Sheet 機能概要・画面遷移図
A1: システム名 | I1: =タイトル!I40 -> 学生勤務管理システム | AE1: 工 程 | AL1: =タイトル!I43 -> 機能設計 | BI1: 作 成 | BM1: =タイトル!I46 -> 木田 優 | BW1: =タイトル!I47 -> 45204 | CF1: 管理記号
A2: サブシステム名 | I2: =タイトル!I41 -> 共通機能 | AE2: ドキュメント | AL2: =タイトル!I44 -> CK-020_給与計算処理 | BI2: 改 訂 | BM2: 木田 優 | BW2: 45315
A4: 機能名称 | I4: =" " & RIGHT(タイトル!I44,LEN(タイトル!I44)-8) -> 給与計算処理 | AL4: 機能ＩＤ | AS4: =LEFT(タイトル!I44,7) -> CK-020 | BI4: 利用想定ユーザー | BT4: 管理者、担当者
A5: 機 能 概 要
B7: 勤務データの給与計算処理を行う時に使用する。
B8: 勤務データの勤務時間集計表、二校地間移動回数表、勤務時間アラート情報、勤務時間集計データ（仮）を出力することができる。
A10: 画 面 遷 移 図
C13: ○ホーム画面（管理者のみ） | AG13: ○給与計算処理画面 | BJ13: 勤務時間集計データ出力
D14: （CC-020-01G） | AH14: （CK-020-01G） | BJ14: 二校地間移動回数データ出力 | CF14: 勤務時間アラート情報出力
V15: 給与計算処理ボタン | AZ15: ＤＬボタン | BJ15: （CK-020-03C） | CF15: （CK-020-05E）
C26: ○ホーム画面（管理者・担当者） | AG26: ○勤務データ仮集計画面
D27: （CC-020-01G） | AH27: （CK-020-02G） | BJ27: 勤務時間集計データ（仮）出力
V28: 勤務データ仮集計 | AZ28: 仮集計ボタン | BJ28: （CK-020-04E）
V29: ボタン

Sheet 給与計算処理
A1: システム名 | I1: =タイトル!I40 -> 学生勤務管理システム | AE1: 工 程 | AL1: 機能設計 | BI1: 作 成 | BM1: =タイトル!I46 -> 木田 優 | BW1: =タイトル!I47 -> 45204 | CF1: 管理記号
A2: サブシステム名 | I2: 共通機能 | AE2: ドキュメント | AL2: =タイトル!I44 -> CK-020_給与計算処理 | BI2: 改 訂 | BM2: 木田 優 | BW2: 45855
A4: 画面名称 | I4: =" " & RIGHT(CELL("filename",A1),LEN(CELL("filename",A1))-FIND("]",CELL("filename",A1))) -> 給与計算処理 | AL4: 画面ＩＤ | AS4: CK-010-02G | BI4: 利用想定ユーザー | BT4: 管理者
A5: 画面レイアウト | BI5: 機能概要
BJ7: ・ | BK7: 勤務データの給与計算処理を行う時に使用する。
BJ8: ・ | BK8: 勤務データの給与計算、給与再計算、勤務時間集計表、
BK9: 勤務時間アラート情報を出力することができる。
BI12: 画面説明 （処理内容・アクション等）
BJ14: ・ | BK14: 支給日は直近の給与計算の対象となる給与支給日を初期値とする。
BJ16: ・ | BK16: 給与計算ボタンを押下すると、確認メッセージを表示したうえで
BK17: 給与計算を行う。
BK18: ※支給日を給与計算済みの日に設定した場合は、給与計算のボタンは
BK19: 給与再計算ボタンに変更する。
BL20: （ただし、当月中に限る）
BK21: ※給与計算処理を行うと、勤務時間集計表、二校地間移動回数表、
BK22: 勤務情報アラート情報を出力する。
BJ24: ・ | BK24: 給与計算済みの支給日を選択した場合は、計算時の勤務データをDL
BK25: できるDLボタンを表示する。
BK26: DLボタンを押下すると、勤務時間集計表、勤務時間アラート情報を
BK27: 出力する。
A38: リストボックス | BI38: 権限による画面制御
A39: 項目名 | K39: 内容 | AW39: 並び順
A40: 支給日（年） | K40: 給与支給日マスタの給与支給日の年 | AW40: 降順
A41: 支給日（月日） | K41: 支給日（年）に一致する給与支給日マスタの給与支給日の月日 | AW41: 降順
BI43: 一覧の並び順
A48: 画 面 補 足 説 明
B50: 〇給与計算時の画面の流れ | AW50: ○入力項目
AW51: 項目名 | BK51: 入力必須 | BP51: 桁数 | BS51: 入力制限等
C52: 給与計算実行 | AW52: 支給日（年） | BK52: 〇 | BP52: － | BS52: リストボックス
AW53: 支給日（月） | BK53: 〇 | BP53: － | BS53: リストボックス
AW55: ○リストボックス
AX56: 【支給日】
AY57: 支給日 | BO57: ▼ | BY57: ▼
BG58: 2023 | BQ58: 9/23
BG59: 2022 | BQ59: 8/23
BG60: 2021 | BQ60: 7/23
AX62: 支給日（年）の選択結果に連動して、支給日（月）のリストボックスを変動させる。
AX63: 支給日（年）を未選択にすると、支給日（月）はクリアする。
AW65: ○給与計算ボタン
AX66: 給与計算の抽出条件に該当する全ての勤務データを集計する。
AX67: なお、勤務アラートの条件に一致する勤務データが存在した場合は、勤務アラート情報を抽出する。
AW69: 〇ＤＬボタン
AX70: 給与計算処理で集計・抽出された勤務時間集計表、二校地間移動回数表、勤務アラート情報を出力する。
AY72: 給与計算処理の抽出条件
AY73: # | AZ73: 条件
J74: ・給与計算ボタンを給与再計算ボタンに変更し、DLボタンを表示する。 | AY74: 1 | AZ74: 勤務データの最終ステータスが承認済
AY75: 2 | AZ75: 勤務データの勤務日が給与支給日マスタの勤務月まで（ただし、同一年度に限る）
AZ76: 例として、給与支給日マスタの勤務月が「2023年10月」の場合、対象となる勤務データは
AZ77: 2023年10月31日までの勤務日が登録されている勤務データとする。
AX79: 画面の支給日と給与支給日マスタの「勤務月」「給与計算処理実施日」によって、給与計算ボタンの
AX80: 活性/非活性、給与再計算ボタンへの切替を制御する。
AY81: 制御例：
AY82: システム操作日 | BF82: 画面の支給日 | BM82: 勤務月 | BR82: 給与計算処理実施日 | BY82: 給与計算ボタン | CH82: 備考
AY83: 45171 | BF83: 45194 | BM83: 45139 | BR83: Null | BY83: 活性 | CH83: 未給与計算
AY84: 202/9/11 | BF84: 45194 | BM84: 45139 | BR84: 45179 | BY84: 再計算（活性） | CH84: 給与再計算可能
AY85: 45171 | BF85: 45163 | BM85: 45108 | BR85: 45148 | BY85: 再計算（非活性） | CH85: 支給日を先月に変更
AY86: 45171 | BF86: 45163 | BM86: 45108 | BR86: Null | BY86: 非活性 | CH86: 給与計算未実施のため
D87: 勤務時間集計表 | AY87: 45180 | BF87: 45224 | BM87: 45170 | BR87: Null | BY87: 非活性 | CH87: 給与計算年月不一致
D88: 二校地間移動回数表 | AZ88: ※給与支給日を超えた後に給与計算・再計算はできません。
D89: 勤務アラート情報 | N89: が出力される | AZ89: ※システム操作日と給与支給日の年月が一致していない場合、給与計算はできません。
A91: 画 面 補 足 説 明
B93: ○勤務時間集計表フォーマット | T93: ファイル名：『勤務時間集計表_yyyymmdd.csv』 | AX93: 〇二校地間移動回数表フォーマット | BO93: ファイル名：『二校地間移動回数表_yyyymmdd.csv』
C94: 項目名 | Q94: 備考 | AY94: 項目名 | BM94: 備考
C95: 法人コード | Q95: 10000 固定 | AY95: 法人コード | BM95: 10000 固定
C96: 処理年 | Q96: 画面の支給日の年 | AY96: 処理年 | BM96: 画面の支給日の年
C97: 処理月 | Q97: 画面の支給日の月 | AY97: 処理月 | BM97: 画面の支給日の月
C98: 処理回数 | Q98: 0 固定 | AY98: 処理回数 | BM98: 0 固定
C99: 職員番号 | Q99: 勤務情報.社員ＩＤ（学生ＩＤ） | AY99: 処理区分 | BM99: 1 固定
C100: 複数身分識別ＩＤ | Q100: 勤務情報.複数身分ＩＤ | AY100: 職員番号 | BM100: 勤務情報.社員ＩＤ（学生ＩＤ）
C101: 勤怠枚数 | Q101: 1 固定 | AY101: 複数身分識別ＩＤ | BM101: 勤務情報.複数身分ＩＤ
C102: 項目ＩＤ※１ | Q102: 勤務時間の条件によってＩＤを決定 | AY102: 項目ＩＤ | BM102: H560301 固定
C103: 数値※１ | Q103: 勤務時間の集計（小数点以下切り上げの整数値） | AY103: 金額 | BM103: 勤務情報.校地移動フラグ(TRUE)の集計
AY104: 終了処理年 | BM104: 空白 固定
AY105: 終了処理月 | BM105: 空白 固定
C106: ※1 勤務時間集計表出力条件について | AY106: 終了処理回数 | BM106: 空白 固定
C107: 職種が一般の場合
C108: 項目ID | G108: 項目ID名称 | O108: 出力条件 | AX108: 〇出力サンプル（勤務時間集計表）
C109: F08030 | G109: 時）所定H100 | O109: 平日の勤務時間数（F08050,F8060を除いた勤務時間数） | AY109: 法人コード | BE109: 処理年 | BI109: 処理月 | BM109: 処理回数 | BQ109: 職員番号 | BV109: 複数身分識別ＩＤ | CB109: 勤怠枚数 | CF109: 項目ID | CK109: 数値
C110: F08050 | G110: 時）時間外125 | O110: 土曜日勤務、8時間を超えた勤務時間数 | AY110: 100000 | BE110: 2023 | BI110: 10 | BM110: 0 | BQ110: 13111551 | BV110: 112tad01 | CB110: 1 | CF110: F08030 | CK110: 16
C111: F08060 | G111: 時）休日H135 | O111: 日祝勤務時間数 | AY111: 100000 | BE111: 2023 | BI111: 10 | BM111: 0 | BQ111: 13111551 | BV111: 112tad01 | CB111: 1 | CF111: F08050 | CK111: 2
C112: F08040 | G112: 時）深夜割25 | O112: 22時～5時の勤務時間集計（F8030の内数） | AY112: 100000 | BE112: 2023 | BI112: 10 | BM112: 0 | BQ112: 13111551 | BV112: 112tad01 | CB112: 1 | CF112: F08060 | CK112: 1
C113: F08070 | G113: 週40時間超25 | O113: 日～土の勤務で40時間超過分の時間数（F8030,8050,8060の内数） | AY113: 100000 | BE113: 2023 | BI113: 10 | BM113: 0 | BQ113: 13111551 | BV113: 112tad01 | CB113: 1 | CF113: H560301 | CK113: 4
C114: F08080 | G114: 60時間超25 | O114: 1ヶ月の勤務で60時間超過分の時間数（F8030,8050,8060の内数） | AY114: 100000 | BE114: 2023 | BI114: 10 | BM114: 0 | BQ114: 13111551 | BV114: 112tad01 | CB114: 1 | CF114: F08070 | CK114: 16
AY115: 100000 | BE115: 2023 | BI115: 10 | BM115: 0 | BQ115: 13112645 | BV115: 112tad01 | CB115: 1 | CF115: F08080 | CK115: 2
C116: 職種が一般以外の場合 | AY116: 100000 | BE116: 2023 | BI116: 10 | BM116: 0 | BQ116: 13113456 | BV116: 112tad01 | CB116: 1 | CF116: F08030 | CK116: 20
C117: 項目ID | G117: 項目ID名称 | O117: 出力条件 | AY117: 100000 | BE117: 2023 | BI117: 10 | BM117: 0 | BQ117: 13114155 | BV117: 112tad01 | CB117: 1 | CF117: F08030 | CK117: 20
C118: F08030 | G118: 時）所定H100 | O118: 日～土の勤務時間数（F08050,F8060を除いた勤務時間数） | AY118: 100000 | BE118: 2023 | BI118: 10 | BM118: 0 | BQ118: 13121456 | BV118: 112tad01 | CB118: 1 | CF118: F08030 | CK118: 20
C119: F08050 | G119: 時）時間外125 | O119: 8時間を超えた勤務時間数
C120: F08040 | G120: 時）深夜割25 | O120: 22時～5時の勤務時間集計（F8030の内数） | AX120: 〇出力サンプル（二校地間移動回数表）
C121: F08070 | G121: 週40時間超25 | O121: 日～土の勤務で40時間超過分の時間数（F8030,8050の内数） | AY121: 法人コード | BE121: 処理年 | BI121: 処理月 | BM121: 処理回数 | BR121: 処理区分 | BW121: 職員番号 | CB121: 複数身分識別ＩＤ | CH121: 項目ID | CM121: 金額
C122: F08080 | G122: 60時間超25 | O122: 1ヶ月の勤務で60時間超過分の時間数（F8030,8050の内数） | AY122: 100000 | BE122: 2023 | BI122: 10 | BM122: 0 | BR122: 1 | BW122: 13111551 | CB122: 112tad01 | CH122: H5600301 | CM122: 4
AY123: 100000 | BE123: 2023 | BI123: 10 | BM123: 0 | BR123: 1 | BW123: 13112645 | CB123: 112tad01 | CH123: H5600301 | CM123: 6
AY124: 100000 | BE124: 2023 | BI124: 10 | BM124: 0 | BR124: 1 | BW124: 13113456 | CB124: 112tad01 | CH124: H5600301 | CM124: 3
AY125: 100000 | BE125: 2023 | BI125: 10 | BM125: 0 | BR125: 1 | BW125: 13114155 | CB125: 112tad01 | CH125: H5600301 | CM125: 1
BY127: 終了処理年 | CE127: 終了処理月 | CK127: 終了処理回数
A134: 画 面 補 足 説 明
B136: ○勤務時間アラート情報 | AX136: アラート | BD136: メッセージ
C137: 勤務アラートの抽出条件 | AX137: 0007 | BD137: 1週間での勤務時間が20時間を超えています。(留学生)
C138: 前提条件：勤務データの最終ステータスが承認済 | AX138: 0008 | BD138: 職種合計で1日の勤務時間が6時間を超えています。
C139: # | D139: 職種コード | I139: 職種 | R139: ワーニング条件 | AP139: アラート | AX139: 0009 | BD139: 職種合計で1日の勤務時間が8時間を超えています。
...

Sheet 勤務データ仮集計
A1: システム名 | I1: =タイトル!I40 -> 学生勤務管理システム | AE1: 工 程 | AL1: 機能設計 | BI1: 作 成 | BM1: =タイトル!I46 -> 木田 優 | BW1: =タイトル!I47 -> 45204 | CF1: 管理記号
A2: サブシステム名 | I2: 共通機能 | AE2: ドキュメント | AL2: =タイトル!I44 -> CK-020_給与計算処理 | BI2: 改 訂 | BM2: 木田 優 | BW2: 45454
A4: 画面名称 | I4: =" " & RIGHT(CELL("filename",A1),LEN(CELL("filename",A1))-FIND("]",CELL("filename",A1))) -> 勤務データ仮集計 | AL4: 画面ＩＤ | AS4: CK-010-02G | BI4: 利用想定ユーザー | BT4: 管理者、担当者
A5: 画面レイアウト | BI5: 機能概要
BJ7: ・ | BK7: 勤務データを集計して勤務時間集計表、勤務時間アラート情報を
BK8: 出力することができる。
BI12: 画面説明 （処理内容・アクション等）
BJ14: ・ | BK14: 支給日は直近の給与計算の対象となる給与支給日を初期値とする。
BJ16: ・ | BK16: 仮集計ボタンを押下すると、出力者が所属する部署に雇用されている
BK17: 学生分の勤務時間仮集計表と勤務時間アラートが出力される。
BK18: ※管理者の場合は、全部署が対象
A38: リストボックス | BI38: 権限による画面制御
A39: 項目名 | K39: 内容 | AW39: 並び順
A40: 支給日（年） | K40: 給与支給日マスタの給与支給日の年 | AW40: 降順
A41: 支給日（月日） | K41: 支給日（年）に一致する給与支給日マスタの給与支給日の月日 | AW41: 降順
BI43: 一覧の並び順
A48: 画 面 補 足 説 明
B50: ○入力項目 | AX50: ○仮集計ボタン
B51: 項目名 | P51: 入力必須 | U51: 桁数 | X51: 入力制限等 | AY51: 出力者が所属する部署に雇用されている学生の勤務データを集計し、集計表を出力する。
B52: 支給日（年） | P52: 〇 | U52: － | X52: リストボックス | AY52: なお、勤務アラートの条件に一致する勤務データが存在した場合は、勤務アラート情報を出力する。
B53: 支給日（月） | P53: 〇 | U53: － | X53: リストボックス | AY53: ※管理者の場合は、全部署が対象
AY55: 仮集計の抽出条件
B56: ○リストボックス | AY56: # | AZ56: 条件
C57: 【支給日】 | AY57: 1 | AZ57: 勤務データの最終ステータスが承認済
D58: 支給日 | T58: ▼ | AD58: ▼ | AY58: 2 | AZ58: 勤務データの勤務日が給与支給日マスタの勤務月まで（ただし、同一年度に限る）
L59: 2023 | V59: 9/23 | AZ59: 例として、給与支給日マスタの勤務月が「2023年10月」の場合、対象となる勤務データは
L60: 2022 | V60: 8/23 | AZ60: 2023年10月31日までの勤務日が登録されている勤務データとする。
L61: 2021 | V61: 7/23
AX62: 〇仮集計フォーマット | BK62: ファイル名：『勤務時間仮集計表_[ユーザID]_yyyymmdd.xlsx』
C63: 支給日（年）の選択結果に連動して、支給日（月）のリストボックスを変動させる。 | AY63: 仮集計表は2シートで構成する。
C64: 支給日（年）を未選択にすると、支給日（月）はクリアする。
AY65: 【シート1：仮集計結果】 | BT65: 【シート2：仮集計対象データ一覧】
AZ66: 項目名 | BU66: 項目名
AZ67: 処理年 | BU67: 処理年
AZ68: 処理月 | BU68: 処理月
AZ69: 学生ID/氏名 | BU69: 学生ID/氏名
AZ70: 複数身分ID | BU70: 複数身分ID
AZ71: 勤怠集計※1（項目IDごとの集計は不要） | BU71: 雇用情報
AZ72: 二校地移動回数 | BU72: 職種
BU73: 開講科目コード
AZ74: ※1：勤怠集計時間は小数第3位を切り捨てて | BU74: クラスコード
BB75: 小数第二位を表示 | BU75: 教員コード
BU76: 教員名
BU77: 勤務日 yyyy/m/d
BU78: 曜日
BU79: 開始時刻 h:mm
BU80: 終了時刻 h:mm
BU81: 控除時間 h:mm
BU82: 勤務時間※1（このレコード分の数字）
BU84: ※1：勤務時間は小数第3位を切り捨てて
BW85: 小数第二位を表示
AX87: ○勤務時間アラート情報フォーマット
AY88: 抽出条件、フォーマットについては、給与計算処理の画面補足説明参照。
