Workbook
Name _Toc94971774: メールヘッダ!#REF!
Name _Toc94971774: 機能概要!#REF!
Name _Toc94971775: メールヘッダ!#REF!
Name _Toc94971775: 機能概要!#REF!

Sheet タイトル
G11: =I40 -> 学生勤務管理システム
G14: =I44 -> メール送信
G17: =I42
G20: =I51 -> 【 Ver 1.00 】
J27: =TEXT(I47,"yyyy年")&IF(LEFT(TEXT(I47,"mm"),1)="0"," ","")&TEXT(I47,"m月")&IF(LEFT(TEXT(I47,"dd"),1)="0"," ","")&TEXT(I47,"d日")&"作成" -> 2024年 2月 5日作成
J29: =IF(I49=" ※ページ毎に個別入力"," 年 月 日改訂",TEXT(I49,"yyyy年")&IF(LEFT(TEXT(I49,"mm"),1)="0"," ","")&TEXT(I49,"m月")&IF(LEFT(TEXT(I49,"dd"),1)="0"," ","")&TEXT(I49,"d日")&"改訂") -> 改訂
B38: 見出し部タイトル制御テーブル
B39: タイトル項目 | I39: タイトル項目埋め込み内容
B40: ①システム名 | I40: 学生勤務管理システム
B41: ②サブシステム名 | I41: 共通機能
B42: ③分類名
B43: ④作業工程名 | I43: 機能設計
B44: ⑤ドキュメント代表名 | I44: メール送信
B45: ⑥ドキュメント詳細名 | I45: ※ページ毎に個別入力
B46: ⑦作成者 | I46: 大久保 梓沙
B47: ⑧作成日 | I47: 45327
B48: ⑦改定者 | I48: ※ページ毎に個別入力
B49: ⑧改定日
B50: ⑨管理記号 | I50: DUC010
B51: ⑩Ｖｅｒ | I51: ="【 Ver " & TEXT(MAX(改訂履歴!E5:E990),"0.00") & " 】" -> 【 Ver 1.00 】

Sheet 改訂履歴
A1: 改訂履歴
A3: No | E3: Ver | J3: 新規／改訂日 | R3: 区分 | W3: 改訂箇所 | AH3: 改訂理由 | BR3: 新規／改訂者
W4: 頁 | AA4: 機能
A5: 1 | E5: 1 | J5: =タイトル!I47 -> 45327 | R5: 新規 | AH5: 新規作成 | BR5: =タイトル!I46 -> 大久保 梓沙

Sheet 機能概要
A1: システム名 | I1: =タイトル!I40 -> 学生勤務管理システム | AE1: 工 程 | AL1: =タイトル!I43 -> 機能設計 | BI1: 作 成 | BM1: =タイトル!I46 -> 大久保 梓沙 | BW1: =タイトル!I47 -> 45327 | CF1: 管理記号 | CK1: =タイトル!I50 -> DUC010
A2: サブシステム名 | I2: =タイトル!I41 -> 共通機能 | AE2: ドキュメント | AL2: =タイトル!I44 -> メール送信 | BI2: 改 訂
A4: 機能名称 | I4: メール送信 | AL4: 機能ＩＤ | AS4: =LEFT(タイトル!I44,7) -> メール送信 | BI4: 利用想定ユーザー | BT4: 教員・学生
A5: 機 能 概 要
B7: (１) メール送信処理概要
C8: メール送信機能は下記の通り分類される
D9: 1.個別送信：画面でボタンを押した時に個別に送信するメール
D10: 2.自動送信：バッチ処理で自動送信するメール
C13: 1.個別送信：画面でボタンを押した時に個別に送信するメール
D14: 各画面（変更登録、代行入力等）の操作にてメール送信を行うものは、即時送信を行う。
F16: 画面
G17: 学生勤務管理システム
V18: 登録処理後にメール送信 | BN18: 正常時
U19: （別スレッドでメール送信を実行） | AP19: 正常時 | BN19: ※メールのテンプレートはメール管理マスタより取得する。
K20: 登録 | BN20: ※メール送信をするか否かの判断は画面処理にて行う。
BN21: ※学生/教員が最後にログインした時の言語で
BD22: 学生または教員 | BN22: （社員マスタ.言語区分）を基に
BN23: 日本語または英語で送信する。
AP27: 異常時（送信失敗等） | BN27: 異常時
BN28: ※送信対象者テーブルに、メール情報を書き込む。
BN29: 送信失敗時も画面処理を継続可能（システムエラーにならない）
BO30: （本システムでBCCは使用しない）
C31: 2.自動送信：バッチ処理で自動送信するメール | BN31: ※メール送信に失敗しても、失敗したことの通知や
D32: バッチは、スケジューラで指定した日時に処理を実行しメール送信を行う。 | AP32: 異常時（送信失敗等） | BN32: 再送信処理は行われない。
I36: 督促メール送信
AP39: 正常時
BD41: 学生または教員

Sheet メールヘッダ
A1: システム名 | I1: =タイトル!I40 -> 学生勤務管理システム | AE1: 工 程 | AL1: =タイトル!I43 -> 機能設計 | BI1: 作 成 | BM1: =タイトル!I46 -> 大久保 梓沙 | BW1: =タイトル!I47 -> 45327 | CF1: 管理記号 | CK1: =タイトル!I50 -> DUC010
A2: サブシステム名 | I2: =タイトル!I41 -> 共通機能 | AE2: ドキュメント | AL2: =タイトル!I44 -> メール送信 | BI2: 改 訂
A4: 機能名称 | I4: メール送信 | AL4: 機能ＩＤ | AS4: =LEFT(タイトル!I44,7) -> メール送信 | BI4: 利用想定ユーザー | BT4: 教員・学生
A5: メールヘッダ
B7: (１) メールヘッダ
D9: ヘッダ | P9: 設定内容 | AT9: 備考
D10: Message-Id | P10: 一連番号@ドメイン名 例)<1710392136513.4294465108966902@work-man.doshisha.ac.jp> | AT10: 一連番号は電子メールの送信時に生成する文字列 送信したメールとそのメールに対して返信されてきたメールとの紐付け（スレッド）を行うために使用されたりする。
D13: Content-Type | P13: text/plain; charset=UTF-8 | AT13: メールのエンコードに使用する文字コード
D16: 上記は、以下の設定ファイルで指定している。
D18: mailProperties.dicon
D19: 項目 | P19: 項目説明 | AI19: 設定値 | AY19: 備考
D20: messageId | P20: メールを特定する事ができる識別子 | AI20: work-man.doshisha.ac.jp | AY20: Nullの場合はコンピュータ名になるので、ドメイン名を指定する
D21: templateEncoding | P21: テンプレートのエンコーディング | AI21: UTF-8 | AY21: メールの送信テスト（Junit等で期待値テキストファイルとテンプレートにセットした値を比較）で使用する。 学生勤務管理システムでは、テンプレート「SendMailMai_sendMessage.ftl」ファイルの文字コードを指定する。
D25: connectionTimeout | P25: SMTPサーバとの接続タイムアウト | AI25: 10000 | AY25: デフォルト値
D26: readTimeout | P26: SMTPサーバへの送受信時のタイムアウト | AI26: 10000 | AY26: デフォルト値
D27: mailCharset | P27: メールのエンコードに使用する文字コード | AI27: ISO-2022-JP | AY27: メールのエンコードに使用する文字コード 「com.ozacc.mail.Mail」クラスのプロパティ『charset』がnullの場合に使用される。 学生勤務システムでは、「sendMailMai_sendMessage.dicon」で『charset』を指定しているため、そちらが優先される
D32: sendMailMai_sendMessage.dicon
D33: class | P33: プロパティ | AI33: 設定値
D34: com.ozacc.mail.Mail | P34: charset | AI34: UTF-8
D36: SendMailMai_sendMessage.ftl
D37: ${data.honbun}
D41: 参考
E42: https://www.ccjc-net.or.jp/~kouza/header/header33.html
E43: https://s2mai.sandbox.seasar.org/ja/guide1.html
E44: https://s2mai.sandbox.seasar.org/ja/guide3.html
E45: https://ml.seasar.org/archives/seasar-user/2011-October/021083.html
E46: https://ml.seasar.org/archives/seasar-user/2012-December/021537.html
B49: (２) 実際のメールでの出力例
