Workbook
Name _Toc94971774: 機能概要・画面遷移図!#REF!
Name _Toc94971775: 機能概要・画面遷移図!#REF!

Sheet タイトル
G11: =I40 -> 学生勤務管理システム
G14: =I44 -> CC-010_ログイン
G17: =I42
G20: =I51 -> 【 Ver 1.05 】
J27: =TEXT(I47,"yyyy年")&IF(LEFT(TEXT(I47,"mm"),1)="0"," ","")&TEXT(I47,"m月")&IF(LEFT(TEXT(I47,"dd"),1)="0"," ","")&TEXT(I47,"d日")&"作成" -> 2023年10月 3日作成
J29: =IF(I49=" ※ページ毎に個別入力"," 年 月 日改訂",TEXT(I49,"yyyy年")&IF(LEFT(TEXT(I49,"mm"),1)="0"," ","")&TEXT(I49,"m月")&IF(LEFT(TEXT(I49,"dd"),1)="0"," ","")&TEXT(I49,"d日")&"改訂") -> 2024年 1月22日改訂
B38: 見出し部タイトル制御テーブル
B39: タイトル項目 | I39: タイトル項目埋め込み内容
B40: ①システム名 | I40: 学生勤務管理システム
B41: ②サブシステム名 | I41: 共通機能
B42: ③分類名
B43: ④作業工程名 | I43: 機能設計
B44: ⑤ドキュメント代表名 | I44: CC-010_ログイン
B45: ⑥ドキュメント詳細名 | I45: ※ページ毎に個別入力
B46: ⑦作成者 | I46: 木田 優
B47: ⑧作成日 | I47: 45202
B48: ⑦改定者 | I48: ※ページ毎に個別入力
B49: ⑧改定日 | I49: =TEXT(MAX(改訂履歴!J5:J996),"yyyy/mm/dd") -> 2024/01/22
B50: ⑨管理記号 | I50: DUC010
B51: ⑩Ｖｅｒ | I51: ="【 Ver " & TEXT(MAX(改訂履歴!E5:E996),"0.00") & " 】" -> 【 Ver 1.05 】

Sheet 改訂履歴
A1: 改訂履歴
A3: No | E3: Ver | J3: 新規／改訂日 | R3: 区分 | W3: 改訂箇所 | AH3: 改訂理由 | BR3: 新規／改訂者
W4: 頁 | AA4: 機能
A5: 1 | E5: 1 | J5: =タイトル!I47 -> 45202 | R5: 新規 | AH5: 新規作成 | BR5: 木田 優
A6: 2 | E6: 1.01 | J6: 45209 | R6: 変更 | AA6: 機能概要・画面遷移図 | AH6: ログイン処理で各ホーム画面を表示する条件の変更 | BR6: 木田 優
A7: 3 | E7: 1.02 | J7: 45215 | R7: 変更 | AA7: 機能概要・画面遷移図 | AH7: 承認者を教員に変更 | BR7: 木田 優
A8: 4 | E8: 1.03 | J8: 45222 | R8: 変更 | AA8: 機能概要・画面遷移図 | AH8: ALBを使用したAWS環境のイメージに変更 | BR8: 木田 優
A9: 5 | J9: 45222 | R9: 変更 | AA9: ログイン | AH9: アカウントロックの仕様を追記 | BR9: 木田 優
A10: 6 | E10: 1.04 | J10: 45261 | R10: 変更 | AA10: ログイン | AH10: ローカルログイン機能の廃止に伴う改修 | BR10: 木田 優
A11: 7 | E11: 1.05 | J11: 45313 | R11: 変更 | AA11: ログイン | AH11: 有効フラグの取り扱いを追記 | BR11: 木田 優

Sheet 機能概要・画面遷移図
A1: システム名 | I1: =タイトル!I40 -> 学生勤務管理システム | AE1: 工 程 | AL1: =タイトル!I43 -> 機能設計 | BI1: 作 成 | BM1: =タイトル!I46 -> 木田 優 | BW1: =タイトル!I47 -> 45202 | CF1: 管理記号 | CK1: =タイトル!I50 -> DUC010
A2: サブシステム名 | I2: =タイトル!I41 -> 共通機能 | AE2: ドキュメント | AL2: =タイトル!I44 -> CC-010_ログイン | BI2: 改 訂 | BM2: 木田 優 | BW2: 45216
A4: 機能名称 | I4: =" " & RIGHT(タイトル!I44,LEN(タイトル!I44)-8) -> ログイン | AL4: 機能ＩＤ | AS4: =LEFT(タイトル!I44,7) -> CC-010 | BI4: 利用想定ユーザー | BT4: 全ユーザー
A5: 機 能 概 要
B7: ＳＳＯ認証のログイン処理を行う。
A10: 画 面 遷 移 図
AD12: 学生勤務管理システム
BD13: 認証OK | BM13: ○ホーム画面（学生） | CB13: ○ホーム画面（教員）
BN14: （CC-020-01G） | CC14: （CC-020-01G）
B15: 〇学生、教員 | M15: SSO（Shibboleth:SAML認証） | AE15: ○ログイン画面（SSO認証） | BD15: 社員マスタの
M16: SSOタイル画面 | AF16: （CC-010-90G） | BD16: ユーザ区分が
X17: GET | BE17: 1（学生）の場合
X18: [ログインID]
N19: 学生勤務管理
N20: システム | AL20: なし
X21: タイルを
X22: クリック
B23: 〇職員
BG26: 2（教員）の場合
BG29: 4（管理者の場合
AF32: ○認証エラー画面
AG33: （CC-999-98G）
D34: ※Shibbolethは、SAMLを実現するミドルウェア | AT34: 認証NG
E35: SSOは、同志社様保有機器 | BM35: ○ホーム画面（担当者） | CB35: ○ホーム画面（管理者）
BE36: 3（担当者）の場合 | BN36: （CC-020-01G） | CC36: （CC-020-01G）
AX40: 勤務管理システムのマスタに
AX41: 該当ユーザが存在するか、
AX42: ログイン可能なユーザかを
AX43: 確認する。

Sheet ログイン
A1: システム名 | I1: =タイトル!I40 -> 学生勤務管理システム | AE1: 工 程 | AL1: 機能設計 | BI1: 作 成 | BM1: =タイトル!I46 -> 木田 優 | BW1: =タイトル!I47 -> 45202 | CF1: 管理記号 | CK1: =タイトル!I50 -> DUC010
A2: サブシステム名 | I2: 共通機能 | AE2: ドキュメント | AL2: =タイトル!I44 -> CC-010_ログイン | BI2: 改 訂 | BM2: 木田 優 | BW2: 45313
A4: 画面名称 | I4: =" " & RIGHT(CELL("filename",A1),LEN(CELL("filename",A1))-FIND("]",CELL("filename",A1))) -> ログイン | AL4: 画面ＩＤ | AS4: CC-010-90G | BI4: 利用想定ユーザー | BT4: 全ユーザー
A5: 画面レイアウト | BI5: 機能概要
B7: ログイン画面はなし | BJ7: ・ | BK7: ＳＳＯ認証のログイン処理を行う。
BI12: 画面説明 （処理内容・アクション等）
BJ14: ・ | BK14: PostされるユーザIDと社員マスタのユーザIDが一致していれば
BK15: 認証成功とし、学生勤務管理システムのホーム画面が表示される。
BK16: 認証がエラーの場合、エラーメッセージが表示される。
BK17: ※認証がエラーになる場合は、社員マスタにログインIDが存在しない
BL18: もしくは有効フラグがOFFになっている場合
A38: リストボックス | BI38: 権限による画面制御
A39: 項目名 | K39: 内容 | AW39: 並び順
BI43: 一覧の並び順
A48: 画 面 補 足 説 明
B50: 〇SSO認証
C52: ・ | D52: POSTデータのログインIDと【社員マスタのログインID】が一致しない場合は、認証失敗とする。
D53: ※認証可能な社員マスタは有効フラグがTRUEにユーザーのみとする。
B55: 〇遷移するホーム画面について
C57: ・ | D57: 社員マスタのユーザ区分によって、遷移するホーム画面を切り替える
D58: 遷移先のホーム画面でユーザ区分によって、表示するメニューを切り替わる。
D59: ユーザ区分 | J59: 遷移先ホーム画面
D60: １：学生 | J60: CC-020-01G | P60: ホーム画面（学生）
D61: ２：教員 | J61: CC-020-01G | P61: ホーム画面（教員）
D62: ３：担当者 | J62: CC-020-01G | P62: ホーム画面（担当者）
D63: ４：管理者 | J63: CC-020-01G | P63: ホーム画面（管理者）
