Workbook
Name _Toc94971774: 画面!#REF!
Name _Toc94971774: 機能概要・画面遷移図!#REF!
Name _Toc94971775: 画面!#REF!
Name _Toc94971775: 機能概要・画面遷移図!#REF!

Sheet タイトル
G11: =I40 -> 学生勤務管理システム
G14: =I44 -> エラー画面
G17: =I42
G20: =I51 -> 【 Ver 1.00 】
J27: =TEXT(I47,"yyyy年")&IF(LEFT(TEXT(I47,"mm"),1)="0"," ","")&TEXT(I47,"m月")&IF(LEFT(TEXT(I47,"dd"),1)="0"," ","")&TEXT(I47,"d日")&"作成" -> 2024年 1月26日作成
J29: =IF(I49=" ※ページ毎に個別入力"," 年 月 日改訂",TEXT(I49,"yyyy年")&IF(LEFT(TEXT(I49,"mm"),1)="0"," ","")&TEXT(I49,"m月")&IF(LEFT(TEXT(I49,"dd"),1)="0"," ","")&TEXT(I49,"d日")&"改訂") -> 改訂
B38: 見出し部タイトル制御テーブル
B39: タイトル項目 | I39: タイトル項目埋め込み内容
B40: ①システム名 | I40: 学生勤務管理システム
B41: ②サブシステム名 | I41: 共通機能
B42: ③分類名
B43: ④作業工程名 | I43: 機能設計
B44: ⑤ドキュメント代表名 | I44: エラー画面
B45: ⑥ドキュメント詳細名 | I45: ※ページ毎に個別入力
B46: ⑦作成者 | I46: 大久保 梓沙
B47: ⑧作成日 | I47: 45317
B48: ⑦改定者 | I48: ※ページ毎に個別入力
B49: ⑧改定日
B50: ⑨管理記号 | I50: DUC010
B51: ⑩Ｖｅｒ | I51: ="【 Ver " & TEXT(MAX(改訂履歴!E5:E990),"0.00") & " 】" -> 【 Ver 1.00 】

Sheet 改訂履歴
A1: 改訂履歴
A3: No | E3: Ver | J3: 新規／改訂日 | R3: 区分 | W3: 改訂箇所 | AH3: 改訂理由 | BR3: 新規／改訂者
W4: 頁 | AA4: 機能
A5: 1 | E5: 1 | J5: =タイトル!I47 -> 45317 | R5: 新規 | AH5: 新規作成 | BR5: =タイトル!I46 -> 大久保 梓沙

Sheet 機能概要・画面遷移図
A1: システム名 | I1: =タイトル!I40 -> 学生勤務管理システム | AE1: 工 程 | AL1: =タイトル!I43 -> 機能設計 | BI1: 作 成 | BM1: =タイトル!I46 -> 大久保 梓沙 | BW1: =タイトル!I47 -> 45317 | CF1: 管理記号 | CK1: =タイトル!I50 -> DUC010
A2: サブシステム名 | I2: =タイトル!I41 -> 共通機能 | AE2: ドキュメント | AL2: =タイトル!I44 -> エラー画面 | BI2: 改 訂
A4: 機能名称 | I4: エラー画面 | AL4: 機能ＩＤ | AS4: =LEFT(タイトル!I44,7) -> エラー画面 | BI4: 利用想定ユーザー | BT4: 管理者・担当者・教員・学生
A5: 機 能 概 要
B7: エラーが発生した場合に表示するエラー画面について記載する。
C8: ① | D8: 学生勤務管理システムでエラーが発生した場合
C9: ② | D9: Tomcatプロダクトが停止している、または、不正なURLを要求しHTTPエラー（404, 500）を返した場合
C10: ③ | D10: Apacheに不正なURLを要求し、HTTPエラー（404, 500）を返した場合
B12: また、サーバ監視（学生勤務管理システムが起動しているかどうか確認する）用のヘルスチェック画面について記載する。
A14: 画 面 遷 移 図
B16: ① | D16: Apache(WEBサーバ）が表示するエラー画面について
E18: 画面 | N18: 画面名 | Y18: 備考
E19: error.html | N19: システムエラー | Y19: Apacheでhttpエラー(404/500)となった場合に表示
E21: maintenance.html | N21: メンテナンス | Y21: ApacheでAjpエラー(404/500)となった場合に表示
E23: index.html | N23: トップページ | Y23: SSOのトップページにリダイレクトする画面
B26: ② | D26: Tomcat(WEBコンテナ）が表示するエラー画面について
E28: 画面 | N28: 画面名 | Y28: 備考
E29: error.html | N29: システムエラー | Y29: Tomcatでhttpエラー(404/500)となった場合に表示
B32: ③ | D32: 学生勤務管理システムが表示するエラー画面について
E34: 画面 | N34: 画面名 | Y34: 備考
E35: CC99995G.html | N35: ページ遷移不正エラー | Y35: ページ遷移チェックインターセプターにて、PageSeniRuntimeException（ページ遷移エラー(想定外の遷移) ）が発生した場合に表示
E37: CC99998G.html | N37: 認証エラー | Y37: ログイン時、Ajax認証時等でLoginRuntimeException（ログインエラー）が発生した場合に表示
Y38: CC01090G.html以外の画面で、POST以外のメソッドでリクエスト要求された場合に表示
E39: CC99999G.html | N39: システムエラー | Y39: 上記以外で想定外のエラーが発生した場合に表示
B42: ④ | D42: Tomcat(WEBコンテナ）が表示するヘルスチェック画面について
E43: 画面 | N43: 画面名 | Y43: 備考
E44: healthcheck.html | N44: ヘルスチェック | Y44: サーバ監視用HTML

Sheet 画面
A1: システム名 | I1: =タイトル!I40 -> 学生勤務管理システム | AE1: 工 程 | AL1: =タイトル!I43 -> 機能設計 | BI1: 作 成 | BM1: =タイトル!I46 -> 大久保 梓沙 | BW1: =タイトル!I47 -> 45317 | CF1: 管理記号 | CK1: =タイトル!I50 -> DUC010
A2: サブシステム名 | I2: =タイトル!I41 -> 共通機能 | AE2: ドキュメント | AL2: =タイトル!I44 -> エラー画面 | BI2: 改 訂
A4: 機能名称 | I4: エラー画面 | AL4: 機能ＩＤ | AS4: =LEFT(タイトル!I44,7) -> エラー画面 | BI4: 利用想定ユーザー | BT4: 管理者・担当者・教員・学生
A5: 画 面
B7: ① | D7: Apache
E9: error.html | AX9: maintenance.html
A48: 画 面
B50: ② | D50: Tomcat
E52: error.html | AX52: healthcheck.html
A91: 画 面
B93: ③ | D93: 学生勤務管理システム
E95: CC99995G.html | AX95: CC99998G.html
E114: CC99999G.html

Sheet 詳細
A1: ※前提：SSO認証していない場合はどんなURLでアクセスしてもSSOのログイン画面にリダイレクトされる。
A2: 項番 | B2: URL | C2: エラー取得 プロダクト | D2: 遷移先 | E2: 遷移先ページ | F2: 遷移先を指定している箇所
B3: ※http://work-man.doshisha.ac.jpまでが正しく指定されている
A4: 1 | B4: https://work-man.doshisha.ac.jp | C4: Apache | D4: 認証画面 | E4: /gakuseikinmu/html/cc/cc010/CC01090G.html | F4: httpd.conf | G4: <IfModule dir_module> DirectoryIndex /gakuseikinmu/html/cc/cc010/CC01090G.html index.html </IfModule>
B5: ドメインだけ指定した場合
A6: 2 | B6: http://work-man.doshisha.ac.jp/test/ | C6: Apache | D6: システムエラー画面 | E6: /error.html C:\data\htdocs\error.html | F6: httpd.conf | G6: ErrorDocument 404 /error.html
B7: 存在しないコンテキスト(ディレクトリ)を指定した場合
A8: 3 | B8: http://work-man.doshisha.ac.jp/test.html | C8: Apache | D8: システムエラー画面 | E8: /error.html C:\data\htdocs\error.html | F8: httpd.conf | G8: ErrorDocument 404 /error.html
B9: 存在しないhtmlファイルを指定した場合
B10: ※http://work-man.doshisha.ac.jp/gakuseikinmu/ までが正しく指定されている
A11: 4 | B11: http://work-man.doshisha.ac.jp/gakuseikinmu/ | C11: Tomcat | D11: システムエラー画面 | E11: index.htmが存在しないため、項番5のエラーとなる ※SSOからの要求(CC01090G.html)以外はエラーとするため、index.htmを削除している | F11: web.xml | G11: <welcome-file-list> <welcome-file>index.htm</welcome-file> </welcome-file-list>
B12: ロケーションまでを指定した場合
A13: 5 | B13: http://work-man.doshisha.ac.jp/gakuseikinmu/index.htm | C13: Tomcat | D13: システムエラー画面 | E13: /gakuseikinmu/html/error/error.html （C:\gakuseikinmu\html\error.html） | F13: web.xml | G13: <error-page> <error-code>404</error-code> <location>/html/error/error.html</location> </error-page>
B14: indexファイル（拡張子htm)を指定した場合
A15: 6 | B15: http://work-man.doshisha.ac.jp/gakuseikinmu/test.htm | C15: Tomcat | D15: システムエラー画面
B16: ロケーション直下に存在しないhtmファイルを指定した場合
A17: 7 | B17: http://work-man.doshisha.ac.jp/gakuseikinmu/html/cc/cc010/ | C17: Tomcat | D17: システムエラー画面
B18: HTMLファイルを指定しなかった場合（ディレクトまでを指定）
A19: 8 | B19: http://work-man.doshisha.ac.jp/gakuseikinmu/html/test/ | C19: Tomcat | D19: システムエラー画面
B20: 存在しないディレクトリを指定した場合
A21: 9 | B21: http://work-man.doshisha.ac.jp/gakuseikinmu/html/cc/cc010/test.htm | C21: seaser | D21: システムエラー画面
B22: 存在しないhtmファイルを指定した場合
A23: 10 | B23: http://work-man.doshisha.ac.jp/gakuseikinmu/index.html | C23: Tomcat | D23: システムエラー画面 | E23: /gakuseikinmu/html/cc/cc999/CC99999G.html （C:\gakuseikinmu\html\cc\cc999\CC99999G.html） | F23: jsfErrorPage.dicon teedaErrorPage.dicon | G23: <initMethod name="addErrorPage"> <arg>@java.lang.Throwable@class</arg> <arg>"/html/cc/cc999/CC99999G.html"</arg> </initMethod>
B24: indexファイル（拡張子html)を指定した場合
A25: 11 | B25: http://work-man.doshisha.ac.jp/gakuseikinmu/test.html | C25: Tomcat | D25: システムエラー画面
B26: ロケーション直下に存在しないhtmlファイルを指定した場合
A27: 12 | B27: http://work-man.doshisha.ac.jp/gakuseikinmu/html/cc/cc010/test.html | C27: seaser | D27: システムエラー画面
B28: 存在しないhtmlファイル（ファイル名不正）を指定した場合
A29: 13 | B29: https://work-man.doshisha.ac.jp/gakuseikinmu/html/cc/cc010/CC01090G.html | C29: seaser | D29: 認証エラー画面 | E29: /gakuseikinmu/html/cc/cc999/CC99998G.html （C:\gakuseikinmu\html\cc\cc999\CC99998G.html） | F29: jsfErrorPage.dicon teedaErrorPage.dicon | G29: <initMethod name="addErrorPage"> <arg>@jp.co.kssinet.dusk3010.common.aop.LoginRuntimeException@class</arg> <arg>"/html/cc/cc999/CC99998G.html"</arg> </initMethod>
B30: SSOログイン処理画面をダイレクトに指定した場合 （ユーザIDなどの情報が受け渡されない場合など）
B31: ※Tomcatが停止している場合
A32: 14 | B32: https://work-man.doshisha.ac.jp | C32: Apache | D32: メンテナンス画面 | E32: /maintenance.html C:\data\htdocs\maintenance.html | F32: proxy-ajp_gakuseikinmu.conf | G32: <Location "/gakuseikinmu"> ErrorDocument 404 /maintenance.html ErrorDocument 503 /maintenance.html </Location>
B33: ドメインだけ指定した場合
B34: ※その他
A35: 15 | B35: 別タブで同じユーザでログインし、各タブで別の画面に遷移するといった操作を行った場合 | C35: seaser | D35: ページ遷移不正エラー | E35: /gakuseikinmu/html/cc/cc999/CC99995G.html （C:\gakuseikinmu\html\cc\cc999\CC99995G.html） | F35: jsfErrorPage.dicon teedaErrorPage.dicon | G35: <initMethod name="addErrorPage"> <arg>@jp.co.kssinet.dusk3010.common.aop.PageSeniRuntimeException@class</arg> <arg>"/html/cc/cc999/CC99995G.html"</arg> </initMethod>
A37: 16 | B37: SSO画面から遷移した際の認証処理でエラーとなった場合 | C37: seaser | D37: 認証エラー | E37: /gakuseikinmu/html/cc/cc999/CC99998G.html （C:\gakuseikinmu\html\cc\cc999\CC99998G.html） | F37: jsfErrorPage.dicon teedaErrorPage.dicon | G37: <initMethod name="addErrorPage"> <arg>@jp.co.kssinet.dusk3010.common.aop.LoginRuntimeException@class</arg> <arg>"/html/cc/cc999/CC99998G.html"</arg> </initMethod>
A39: 17 | B39: ホーム画面等よく閲覧する画面のURLをブックマーク（お気に入り）登録し、ブックマークから画面を表示した場合 | C39: seaser | D39: 認証エラー
A41: 18 | B41: 学生勤務管理システム内で想定外の例外が発生した場合等 | C41: seaser | D41: システムエラー画面 | E41: /gakuseikinmu/html/cc/cc999/CC99999G.html （C:\gakuseikinmu\html\cc\cc999\CC99999G.html） | F41: jsfErrorPage.dicon teedaErrorPage.dicon | G41: <initMethod name="addErrorPage"> <arg>@java.lang.Throwable@class</arg> <arg>"/html/cc/cc999/CC99999G.html"</arg> </initMethod>

Sheet イメージ図
B2: ○正常
C4: https://work-man.doshisha.ac.jp | G4: Apache | N4: Tomcat
I5: /gakuseikinmu/html/cc/cc010/CC01090G.html | O5: gakuseikinmu
B12: ○Apacheでエラー
C14: https://work-man.doshisha.ac.jp/test.html | G14: Apache | N14: Tomcat
O15: gakuseikinmu
D17: error.html
B21: ○Tomcatでエラー
C23: https://work-man.doshisha.ac.jp | G23: Apache | N23: Tomcat
I24: /gakuseikinmu/html/cc/cc010/ | O24: gakuseikinmu
B31: ○gakuseikinmu（学生勤務管理システム）でエラー
C33: https://work-man.doshisha.ac.jp | G33: Apache | N33: Tomcat
I34: /gakuseikinmu/html/cc/cc010/ | O34: gakuseikinmu
